step,layer,module_type,module_name,param_name,effective_rank,max_rank,mean_abs_lora_E,max_abs_lora_E
50,0,Attention,query,base_model.model.bert.encoder.layer.0.attention.self.query.lora_E.default,8,8,0.0007510890136472881,0.0016479151090607047
50,0,Attention,value,base_model.model.bert.encoder.layer.0.attention.self.value.lora_E.default,8,8,0.001112877856940031,0.001840693410485983
50,0,FFN,intermediate,base_model.model.bert.encoder.layer.0.intermediate.dense.lora_E.default,8,8,0.001377865206450224,0.0022889578249305487
50,0,FFN,output,base_model.model.bert.encoder.layer.0.output.dense.lora_E.default,8,8,0.0004780456074513495,0.0020289160311222076
50,1,Attention,query,base_model.model.bert.encoder.layer.1.attention.self.query.lora_E.default,8,8,0.0013067976105958223,0.0036912611685693264
50,1,Attention,value,base_model.model.bert.encoder.layer.1.attention.self.value.lora_E.default,8,8,0.0014387854607775807,0.0024844324216246605
50,1,FFN,intermediate,base_model.model.bert.encoder.layer.1.intermediate.dense.lora_E.default,8,8,0.0008551145438104868,0.0021075557451695204
50,1,FFN,output,base_model.model.bert.encoder.layer.1.output.dense.lora_E.default,8,8,0.0011517382226884365,0.0025092605501413345
50,2,Attention,query,base_model.model.bert.encoder.layer.2.attention.self.query.lora_E.default,8,8,0.0009030774235725403,0.0018461844883859158
50,2,Attention,value,base_model.model.bert.encoder.layer.2.attention.self.value.lora_E.default,8,8,0.0007467339746654034,0.001673466176725924
50,2,FFN,intermediate,base_model.model.bert.encoder.layer.2.intermediate.dense.lora_E.default,8,8,0.00129978870972991,0.002560295630246401
50,2,FFN,output,base_model.model.bert.encoder.layer.2.output.dense.lora_E.default,8,8,0.0012956260470673442,0.001908465987071395
50,3,Attention,query,base_model.model.bert.encoder.layer.3.attention.self.query.lora_E.default,8,8,0.0012634340673685074,0.002402090234681964
50,3,Attention,value,base_model.model.bert.encoder.layer.3.attention.self.value.lora_E.default,8,8,0.0014616200933232903,0.002425731159746647
50,3,FFN,intermediate,base_model.model.bert.encoder.layer.3.intermediate.dense.lora_E.default,8,8,0.0011986637255176902,0.0026904968544840813
50,3,FFN,output,base_model.model.bert.encoder.layer.3.output.dense.lora_E.default,8,8,0.000873456010594964,0.0024254219606518745
50,4,Attention,query,base_model.model.bert.encoder.layer.4.attention.self.query.lora_E.default,8,8,0.0010367932263761759,0.0017714822897687554
50,4,Attention,value,base_model.model.bert.encoder.layer.4.attention.self.value.lora_E.default,8,8,0.001307145575992763,0.003938604611903429
50,4,FFN,intermediate,base_model.model.bert.encoder.layer.4.intermediate.dense.lora_E.default,8,8,0.001174259465187788,0.00252143363468349
50,4,FFN,output,base_model.model.bert.encoder.layer.4.output.dense.lora_E.default,8,8,0.000994534115307033,0.0027227241080254316
50,5,Attention,query,base_model.model.bert.encoder.layer.5.attention.self.query.lora_E.default,8,8,0.001031608204357326,0.002615597564727068
50,5,Attention,value,base_model.model.bert.encoder.layer.5.attention.self.value.lora_E.default,8,8,0.0009118015877902508,0.0019610950257629156
50,5,FFN,intermediate,base_model.model.bert.encoder.layer.5.intermediate.dense.lora_E.default,8,8,0.0013099433854222298,0.0023018047213554382
50,5,FFN,output,base_model.model.bert.encoder.layer.5.output.dense.lora_E.default,8,8,0.0010188104351982474,0.0025420640595257282
50,6,Attention,query,base_model.model.bert.encoder.layer.6.attention.self.query.lora_E.default,8,8,0.0012063818285241723,0.0023556642699986696
50,6,Attention,value,base_model.model.bert.encoder.layer.6.attention.self.value.lora_E.default,8,8,0.002409821143373847,0.004773883149027824
50,6,FFN,intermediate,base_model.model.bert.encoder.layer.6.intermediate.dense.lora_E.default,8,8,0.0011446498101577163,0.0021952104289084673
50,6,FFN,output,base_model.model.bert.encoder.layer.6.output.dense.lora_E.default,8,8,0.0015926607884466648,0.003513565519824624
50,7,Attention,query,base_model.model.bert.encoder.layer.7.attention.self.query.lora_E.default,8,8,0.0012805695878341794,0.0026891175657510757
50,7,Attention,value,base_model.model.bert.encoder.layer.7.attention.self.value.lora_E.default,8,8,0.0013487340183928609,0.0030712357256561518
50,7,FFN,intermediate,base_model.model.bert.encoder.layer.7.intermediate.dense.lora_E.default,8,8,0.001718937885016203,0.0032561225816607475
50,7,FFN,output,base_model.model.bert.encoder.layer.7.output.dense.lora_E.default,8,8,0.0015499372966587543,0.003404546994715929
50,8,Attention,query,base_model.model.bert.encoder.layer.8.attention.self.query.lora_E.default,8,8,0.0009062980534508824,0.0024739981163293123
50,8,Attention,value,base_model.model.bert.encoder.layer.8.attention.self.value.lora_E.default,8,8,0.0015598706668242812,0.0027787182480096817
50,8,FFN,intermediate,base_model.model.bert.encoder.layer.8.intermediate.dense.lora_E.default,8,8,0.0014356892788782716,0.003545038402080536
50,8,FFN,output,base_model.model.bert.encoder.layer.8.output.dense.lora_E.default,8,8,0.0016075801104307175,0.004751992411911488
50,9,Attention,query,base_model.model.bert.encoder.layer.9.attention.self.query.lora_E.default,8,8,0.0013973581371828914,0.0033389502204954624
50,9,Attention,value,base_model.model.bert.encoder.layer.9.attention.self.value.lora_E.default,8,8,0.001783205778338015,0.004183783195912838
50,9,FFN,intermediate,base_model.model.bert.encoder.layer.9.intermediate.dense.lora_E.default,8,8,0.002220943570137024,0.004296793136745691
50,9,FFN,output,base_model.model.bert.encoder.layer.9.output.dense.lora_E.default,8,8,0.0015835214871913195,0.004327300004661083
50,10,Attention,query,base_model.model.bert.encoder.layer.10.attention.self.query.lora_E.default,8,8,0.0016786667983978987,0.00399868143722415
50,10,Attention,value,base_model.model.bert.encoder.layer.10.attention.self.value.lora_E.default,8,8,0.001985116396099329,0.0040117413736879826
50,10,FFN,intermediate,base_model.model.bert.encoder.layer.10.intermediate.dense.lora_E.default,8,8,0.001518120290711522,0.0034206209238618612
50,10,FFN,output,base_model.model.bert.encoder.layer.10.output.dense.lora_E.default,8,8,0.0010214659851044416,0.0024583241902291775
50,11,Attention,query,base_model.model.bert.encoder.layer.11.attention.self.query.lora_E.default,8,8,0.0016759666614234447,0.0029179370030760765
50,11,Attention,value,base_model.model.bert.encoder.layer.11.attention.self.value.lora_E.default,8,8,0.0022767409682273865,0.0060850027948617935
50,11,FFN,intermediate,base_model.model.bert.encoder.layer.11.intermediate.dense.lora_E.default,8,8,0.0023748460225760937,0.004284208174794912
50,11,FFN,output,base_model.model.bert.encoder.layer.11.output.dense.lora_E.default,8,8,0.001206308719702065,0.0018654817249625921
100,0,Attention,query,base_model.model.bert.encoder.layer.0.attention.self.query.lora_E.default,8,8,0.0016334082465618849,0.0033933420199900866
100,0,Attention,value,base_model.model.bert.encoder.layer.0.attention.self.value.lora_E.default,8,8,0.0014033596962690353,0.002441901247948408
100,0,FFN,intermediate,base_model.model.bert.encoder.layer.0.intermediate.dense.lora_E.default,8,8,0.0017617418197914958,0.0033554492983967066
100,0,FFN,output,base_model.model.bert.encoder.layer.0.output.dense.lora_E.default,8,8,0.001131524215452373,0.002096533542498946
100,1,Attention,query,base_model.model.bert.encoder.layer.1.attention.self.query.lora_E.default,8,8,0.002162439515814185,0.0052263326942920685
100,1,Attention,value,base_model.model.bert.encoder.layer.1.attention.self.value.lora_E.default,8,8,0.0032337913289666176,0.006972814444452524
100,1,FFN,intermediate,base_model.model.bert.encoder.layer.1.intermediate.dense.lora_E.default,8,8,0.0010584862902760506,0.003003618912771344
100,1,FFN,output,base_model.model.bert.encoder.layer.1.output.dense.lora_E.default,8,8,0.0017264309572055936,0.004194882232695818
100,2,Attention,query,base_model.model.bert.encoder.layer.2.attention.self.query.lora_E.default,8,8,0.0016201207181438804,0.0033108049537986517
100,2,Attention,value,base_model.model.bert.encoder.layer.2.attention.self.value.lora_E.default,8,8,0.0019584482070058584,0.0035125368740409613
100,2,FFN,intermediate,base_model.model.bert.encoder.layer.2.intermediate.dense.lora_E.default,8,8,0.0019094046438112855,0.0043550217524170876
100,2,FFN,output,base_model.model.bert.encoder.layer.2.output.dense.lora_E.default,8,8,0.001955541782081127,0.003626484889537096
100,3,Attention,query,base_model.model.bert.encoder.layer.3.attention.self.query.lora_E.default,8,8,0.0023933793418109417,0.005915379151701927
100,3,Attention,value,base_model.model.bert.encoder.layer.3.attention.self.value.lora_E.default,8,8,0.002451880369335413,0.00547876488417387
100,3,FFN,intermediate,base_model.model.bert.encoder.layer.3.intermediate.dense.lora_E.default,8,8,0.002375528682023287,0.005964076146483421
100,3,FFN,output,base_model.model.bert.encoder.layer.3.output.dense.lora_E.default,8,8,0.0016370993107557297,0.004747939296066761
100,4,Attention,query,base_model.model.bert.encoder.layer.4.attention.self.query.lora_E.default,8,8,0.0021081159356981516,0.0038153366185724735
100,4,Attention,value,base_model.model.bert.encoder.layer.4.attention.self.value.lora_E.default,8,8,0.0023320463951677084,0.00871126726269722
100,4,FFN,intermediate,base_model.model.bert.encoder.layer.4.intermediate.dense.lora_E.default,8,8,0.0014167067129164934,0.0032649575732648373
100,4,FFN,output,base_model.model.bert.encoder.layer.4.output.dense.lora_E.default,8,8,0.0023009926080703735,0.0056632040068507195
100,5,Attention,query,base_model.model.bert.encoder.layer.5.attention.self.query.lora_E.default,8,8,0.001677931402809918,0.00398667436093092
100,5,Attention,value,base_model.model.bert.encoder.layer.5.attention.self.value.lora_E.default,8,8,0.0022626416757702827,0.0036728428676724434
100,5,FFN,intermediate,base_model.model.bert.encoder.layer.5.intermediate.dense.lora_E.default,8,8,0.002001215936616063,0.004732197616249323
100,5,FFN,output,base_model.model.bert.encoder.layer.5.output.dense.lora_E.default,8,8,0.0025422631297260523,0.0045488495379686356
100,6,Attention,query,base_model.model.bert.encoder.layer.6.attention.self.query.lora_E.default,8,8,0.00194493995513767,0.0028840142767876387
100,6,Attention,value,base_model.model.bert.encoder.layer.6.attention.self.value.lora_E.default,8,8,0.004207821562886238,0.009089394472539425
100,6,FFN,intermediate,base_model.model.bert.encoder.layer.6.intermediate.dense.lora_E.default,8,8,0.0023968322202563286,0.00413359422236681
100,6,FFN,output,base_model.model.bert.encoder.layer.6.output.dense.lora_E.default,8,8,0.0022935401648283005,0.005502990446984768
100,7,Attention,query,base_model.model.bert.encoder.layer.7.attention.self.query.lora_E.default,8,8,0.0010031056590378284,0.0024572217371314764
100,7,Attention,value,base_model.model.bert.encoder.layer.7.attention.self.value.lora_E.default,8,8,0.00287986034527421,0.006100763101130724
100,7,FFN,intermediate,base_model.model.bert.encoder.layer.7.intermediate.dense.lora_E.default,8,8,0.0020047100260853767,0.005130202975124121
100,7,FFN,output,base_model.model.bert.encoder.layer.7.output.dense.lora_E.default,8,8,0.002004557754844427,0.0062155392952263355
100,8,Attention,query,base_model.model.bert.encoder.layer.8.attention.self.query.lora_E.default,8,8,0.0016375312115997076,0.004178520292043686
100,8,Attention,value,base_model.model.bert.encoder.layer.8.attention.self.value.lora_E.default,8,8,0.002427570056170225,0.006623635999858379
100,8,FFN,intermediate,base_model.model.bert.encoder.layer.8.intermediate.dense.lora_E.default,8,8,0.0030416434165090322,0.006399012636393309
100,8,FFN,output,base_model.model.bert.encoder.layer.8.output.dense.lora_E.default,8,8,0.003382696071639657,0.007961997762322426
100,9,Attention,query,base_model.model.bert.encoder.layer.9.attention.self.query.lora_E.default,8,8,0.001299385679885745,0.002390551846474409
100,9,Attention,value,base_model.model.bert.encoder.layer.9.attention.self.value.lora_E.default,8,8,0.003978133201599121,0.008340626023709774
100,9,FFN,intermediate,base_model.model.bert.encoder.layer.9.intermediate.dense.lora_E.default,8,8,0.003784448141232133,0.010744513012468815
100,9,FFN,output,base_model.model.bert.encoder.layer.9.output.dense.lora_E.default,8,8,0.00365376565605402,0.007697662338614464
100,10,Attention,query,base_model.model.bert.encoder.layer.10.attention.self.query.lora_E.default,8,8,0.002503760624676943,0.006390086840838194
100,10,Attention,value,base_model.model.bert.encoder.layer.10.attention.self.value.lora_E.default,8,8,0.004149556625634432,0.010872019454836845
100,10,FFN,intermediate,base_model.model.bert.encoder.layer.10.intermediate.dense.lora_E.default,8,8,0.003764399792999029,0.009093614295125008
100,10,FFN,output,base_model.model.bert.encoder.layer.10.output.dense.lora_E.default,8,8,0.002341176150366664,0.003031537402421236
100,11,Attention,query,base_model.model.bert.encoder.layer.11.attention.self.query.lora_E.default,8,8,0.001989019336178899,0.004089205525815487
100,11,Attention,value,base_model.model.bert.encoder.layer.11.attention.self.value.lora_E.default,8,8,0.004148556385189295,0.009242965839803219
100,11,FFN,intermediate,base_model.model.bert.encoder.layer.11.intermediate.dense.lora_E.default,8,8,0.005210793111473322,0.010750804096460342
100,11,FFN,output,base_model.model.bert.encoder.layer.11.output.dense.lora_E.default,8,8,0.0028589204885065556,0.005115660838782787
150,0,Attention,query,base_model.model.bert.encoder.layer.0.attention.self.query.lora_E.default,8,8,0.001783724408596754,0.003952749539166689
150,0,Attention,value,base_model.model.bert.encoder.layer.0.attention.self.value.lora_E.default,8,8,0.002270977944135666,0.0036574588157236576
150,0,FFN,intermediate,base_model.model.bert.encoder.layer.0.intermediate.dense.lora_E.default,8,8,0.0026972100604325533,0.0053468127734959126
150,0,FFN,output,base_model.model.bert.encoder.layer.0.output.dense.lora_E.default,8,8,0.001872521941550076,0.004875555634498596
150,1,Attention,query,base_model.model.bert.encoder.layer.1.attention.self.query.lora_E.default,8,8,0.0027678892947733402,0.006461325101554394
150,1,Attention,value,base_model.model.bert.encoder.layer.1.attention.self.value.lora_E.default,8,8,0.0041900440119206905,0.009611690416932106
150,1,FFN,intermediate,base_model.model.bert.encoder.layer.1.intermediate.dense.lora_E.default,8,8,0.0016379047883674502,0.0030792851466685534
150,1,FFN,output,base_model.model.bert.encoder.layer.1.output.dense.lora_E.default,8,8,0.0019660035613924265,0.005471984855830669
150,2,Attention,query,base_model.model.bert.encoder.layer.2.attention.self.query.lora_E.default,8,8,0.0023146583698689938,0.0047697871923446655
150,2,Attention,value,base_model.model.bert.encoder.layer.2.attention.self.value.lora_E.default,8,8,0.0032463879324495792,0.005002854857593775
150,2,FFN,intermediate,base_model.model.bert.encoder.layer.2.intermediate.dense.lora_E.default,8,8,0.0018336487701162696,0.0064805843867361546
150,2,FFN,output,base_model.model.bert.encoder.layer.2.output.dense.lora_E.default,8,8,0.0016233247006312013,0.002987626474350691
150,3,Attention,query,base_model.model.bert.encoder.layer.3.attention.self.query.lora_E.default,8,8,0.0025154997128993273,0.007715693209320307
150,3,Attention,value,base_model.model.bert.encoder.layer.3.attention.self.value.lora_E.default,8,8,0.003123953938484192,0.008338953368365765
150,3,FFN,intermediate,base_model.model.bert.encoder.layer.3.intermediate.dense.lora_E.default,8,8,0.003739473409950733,0.008759352378547192
150,3,FFN,output,base_model.model.bert.encoder.layer.3.output.dense.lora_E.default,8,8,0.0023163866717368364,0.005615950562059879
150,4,Attention,query,base_model.model.bert.encoder.layer.4.attention.self.query.lora_E.default,8,8,0.0025788024067878723,0.004862162750214338
150,4,Attention,value,base_model.model.bert.encoder.layer.4.attention.self.value.lora_E.default,8,8,0.003891995409503579,0.015337932854890823
150,4,FFN,intermediate,base_model.model.bert.encoder.layer.4.intermediate.dense.lora_E.default,8,8,0.0021004120353609324,0.004928751848638058
150,4,FFN,output,base_model.model.bert.encoder.layer.4.output.dense.lora_E.default,8,8,0.002762459684163332,0.007213253993541002
150,5,Attention,query,base_model.model.bert.encoder.layer.5.attention.self.query.lora_E.default,8,8,0.0022670000325888395,0.0031056497246026993
150,5,Attention,value,base_model.model.bert.encoder.layer.5.attention.self.value.lora_E.default,8,8,0.004301181063055992,0.00887603871524334
150,5,FFN,intermediate,base_model.model.bert.encoder.layer.5.intermediate.dense.lora_E.default,8,8,0.002358587458729744,0.004083892330527306
150,5,FFN,output,base_model.model.bert.encoder.layer.5.output.dense.lora_E.default,8,8,0.004263417329639196,0.009028340689837933
150,6,Attention,query,base_model.model.bert.encoder.layer.6.attention.self.query.lora_E.default,8,8,0.0022339115384966135,0.005267434753477573
150,6,Attention,value,base_model.model.bert.encoder.layer.6.attention.self.value.lora_E.default,8,8,0.0062560103833675385,0.010150873102247715
150,6,FFN,intermediate,base_model.model.bert.encoder.layer.6.intermediate.dense.lora_E.default,8,8,0.003683675080537796,0.007402769755572081
150,6,FFN,output,base_model.model.bert.encoder.layer.6.output.dense.lora_E.default,8,8,0.004021277651190758,0.008331535384058952
150,7,Attention,query,base_model.model.bert.encoder.layer.7.attention.self.query.lora_E.default,8,8,0.002015966223552823,0.003793552750721574
150,7,Attention,value,base_model.model.bert.encoder.layer.7.attention.self.value.lora_E.default,8,8,0.005828854627907276,0.010708133690059185
150,7,FFN,intermediate,base_model.model.bert.encoder.layer.7.intermediate.dense.lora_E.default,8,8,0.004333781078457832,0.009992828592658043
150,7,FFN,output,base_model.model.bert.encoder.layer.7.output.dense.lora_E.default,8,8,0.0030786856077611446,0.006421925965696573
150,8,Attention,query,base_model.model.bert.encoder.layer.8.attention.self.query.lora_E.default,8,8,0.0027343323454260826,0.006435247138142586
150,8,Attention,value,base_model.model.bert.encoder.layer.8.attention.self.value.lora_E.default,8,8,0.004267548676580191,0.010325425304472446
150,8,FFN,intermediate,base_model.model.bert.encoder.layer.8.intermediate.dense.lora_E.default,8,8,0.006395547650754452,0.010742203332483768
150,8,FFN,output,base_model.model.bert.encoder.layer.8.output.dense.lora_E.default,8,8,0.006339579354971647,0.017054596915841103
150,9,Attention,query,base_model.model.bert.encoder.layer.9.attention.self.query.lora_E.default,8,8,0.002503651427105069,0.0037186495028436184
150,9,Attention,value,base_model.model.bert.encoder.layer.9.attention.self.value.lora_E.default,8,8,0.006442713551223278,0.016424208879470825
150,9,FFN,intermediate,base_model.model.bert.encoder.layer.9.intermediate.dense.lora_E.default,8,8,0.00781024107709527,0.02256348542869091
150,9,FFN,output,base_model.model.bert.encoder.layer.9.output.dense.lora_E.default,8,8,0.00508125452324748,0.011028755456209183
150,10,Attention,query,base_model.model.bert.encoder.layer.10.attention.self.query.lora_E.default,8,8,0.003283193102106452,0.006490382365882397
150,10,Attention,value,base_model.model.bert.encoder.layer.10.attention.self.value.lora_E.default,8,8,0.006658524740487337,0.01574028842151165
150,10,FFN,intermediate,base_model.model.bert.encoder.layer.10.intermediate.dense.lora_E.default,8,8,0.006285686045885086,0.017095183953642845
150,10,FFN,output,base_model.model.bert.encoder.layer.10.output.dense.lora_E.default,8,8,0.0036072731018066406,0.007687891833484173
150,11,Attention,query,base_model.model.bert.encoder.layer.11.attention.self.query.lora_E.default,8,8,0.003282807767391205,0.006699867080897093
150,11,Attention,value,base_model.model.bert.encoder.layer.11.attention.self.value.lora_E.default,8,8,0.006874497979879379,0.012038874439895153
150,11,FFN,intermediate,base_model.model.bert.encoder.layer.11.intermediate.dense.lora_E.default,8,8,0.011827322654426098,0.02357647567987442
150,11,FFN,output,base_model.model.bert.encoder.layer.11.output.dense.lora_E.default,8,8,0.005143923684954643,0.011536861769855022
200,0,Attention,query,base_model.model.bert.encoder.layer.0.attention.self.query.lora_E.default,8,8,0.0027997696306556463,0.00586770148947835
200,0,Attention,value,base_model.model.bert.encoder.layer.0.attention.self.value.lora_E.default,8,8,0.0036106351763010025,0.005700091831386089
200,0,FFN,intermediate,base_model.model.bert.encoder.layer.0.intermediate.dense.lora_E.default,8,8,0.0039386628195643425,0.009125206619501114
200,0,FFN,output,base_model.model.bert.encoder.layer.0.output.dense.lora_E.default,8,8,0.002627180889248848,0.005118454806506634
200,1,Attention,query,base_model.model.bert.encoder.layer.1.attention.self.query.lora_E.default,8,8,0.0027437962125986814,0.006614506710320711
200,1,Attention,value,base_model.model.bert.encoder.layer.1.attention.self.value.lora_E.default,8,8,0.003908842336386442,0.008422071114182472
200,1,FFN,intermediate,base_model.model.bert.encoder.layer.1.intermediate.dense.lora_E.default,8,8,0.002333320677280426,0.004325055982917547
200,1,FFN,output,base_model.model.bert.encoder.layer.1.output.dense.lora_E.default,8,8,0.0020482053514569998,0.007415691390633583
200,2,Attention,query,base_model.model.bert.encoder.layer.2.attention.self.query.lora_E.default,8,8,0.0034126138780266047,0.005669719073921442
200,2,Attention,value,base_model.model.bert.encoder.layer.2.attention.self.value.lora_E.default,8,8,0.002919708378612995,0.005942967254668474
200,2,FFN,intermediate,base_model.model.bert.encoder.layer.2.intermediate.dense.lora_E.default,8,8,0.002538256114348769,0.009914479218423367
200,2,FFN,output,base_model.model.bert.encoder.layer.2.output.dense.lora_E.default,8,8,0.0020400432404130697,0.004279738292098045
200,3,Attention,query,base_model.model.bert.encoder.layer.3.attention.self.query.lora_E.default,8,8,0.0031340643763542175,0.008454070426523685
200,3,Attention,value,base_model.model.bert.encoder.layer.3.attention.self.value.lora_E.default,8,8,0.003868049941956997,0.009358812123537064
200,3,FFN,intermediate,base_model.model.bert.encoder.layer.3.intermediate.dense.lora_E.default,8,8,0.00433511845767498,0.01042984053492546
200,3,FFN,output,base_model.model.bert.encoder.layer.3.output.dense.lora_E.default,8,8,0.0034276575315743685,0.008236030116677284
200,4,Attention,query,base_model.model.bert.encoder.layer.4.attention.self.query.lora_E.default,8,8,0.003735383041203022,0.0058731818571686745
200,4,Attention,value,base_model.model.bert.encoder.layer.4.attention.self.value.lora_E.default,8,8,0.005345487501472235,0.021697083488106728
200,4,FFN,intermediate,base_model.model.bert.encoder.layer.4.intermediate.dense.lora_E.default,8,8,0.003065058495849371,0.007363453507423401
200,4,FFN,output,base_model.model.bert.encoder.layer.4.output.dense.lora_E.default,8,8,0.0034284661523997784,0.007473953999578953
200,5,Attention,query,base_model.model.bert.encoder.layer.5.attention.self.query.lora_E.default,8,8,0.003131674835458398,0.0063178627751767635
200,5,Attention,value,base_model.model.bert.encoder.layer.5.attention.self.value.lora_E.default,8,8,0.005789079703390598,0.012166160158813
200,5,FFN,intermediate,base_model.model.bert.encoder.layer.5.intermediate.dense.lora_E.default,8,8,0.0029078798834234476,0.0067566498182713985
200,5,FFN,output,base_model.model.bert.encoder.layer.5.output.dense.lora_E.default,8,8,0.005618049763143063,0.013984662480652332
200,6,Attention,query,base_model.model.bert.encoder.layer.6.attention.self.query.lora_E.default,8,8,0.0027402150444686413,0.005911802873015404
200,6,Attention,value,base_model.model.bert.encoder.layer.6.attention.self.value.lora_E.default,8,8,0.008382480591535568,0.015164274722337723
200,6,FFN,intermediate,base_model.model.bert.encoder.layer.6.intermediate.dense.lora_E.default,8,8,0.004991753492504358,0.011004921980202198
200,6,FFN,output,base_model.model.bert.encoder.layer.6.output.dense.lora_E.default,8,8,0.005898110568523407,0.013739295303821564
200,7,Attention,query,base_model.model.bert.encoder.layer.7.attention.self.query.lora_E.default,8,8,0.002483711577951908,0.00679612485691905
200,7,Attention,value,base_model.model.bert.encoder.layer.7.attention.self.value.lora_E.default,8,8,0.009699228219687939,0.01882287859916687
200,7,FFN,intermediate,base_model.model.bert.encoder.layer.7.intermediate.dense.lora_E.default,8,8,0.006826252210885286,0.018078820779919624
200,7,FFN,output,base_model.model.bert.encoder.layer.7.output.dense.lora_E.default,8,8,0.004706359468400478,0.010884302668273449
200,8,Attention,query,base_model.model.bert.encoder.layer.8.attention.self.query.lora_E.default,8,8,0.0027359335217624903,0.0071612270548939705
200,8,Attention,value,base_model.model.bert.encoder.layer.8.attention.self.value.lora_E.default,8,8,0.007203229703009129,0.016232289373874664
200,8,FFN,intermediate,base_model.model.bert.encoder.layer.8.intermediate.dense.lora_E.default,8,8,0.011860225349664688,0.02021479420363903
200,8,FFN,output,base_model.model.bert.encoder.layer.8.output.dense.lora_E.default,8,8,0.01011653896421194,0.028542177751660347
200,9,Attention,query,base_model.model.bert.encoder.layer.9.attention.self.query.lora_E.default,8,8,0.002313954522833228,0.004748199600726366
200,9,Attention,value,base_model.model.bert.encoder.layer.9.attention.self.value.lora_E.default,8,8,0.009779698215425014,0.025422407314181328
200,9,FFN,intermediate,base_model.model.bert.encoder.layer.9.intermediate.dense.lora_E.default,8,8,0.014078102074563503,0.0371231883764267
200,9,FFN,output,base_model.model.bert.encoder.layer.9.output.dense.lora_E.default,8,8,0.009344791993498802,0.020082861185073853
200,10,Attention,query,base_model.model.bert.encoder.layer.10.attention.self.query.lora_E.default,8,8,0.004244879819452763,0.010398183949291706
200,10,Attention,value,base_model.model.bert.encoder.layer.10.attention.self.value.lora_E.default,8,8,0.009202415123581886,0.023522615432739258
200,10,FFN,intermediate,base_model.model.bert.encoder.layer.10.intermediate.dense.lora_E.default,8,8,0.010494490154087543,0.026062633842229843
200,10,FFN,output,base_model.model.bert.encoder.layer.10.output.dense.lora_E.default,8,8,0.005082450807094574,0.01236550323665142
200,11,Attention,query,base_model.model.bert.encoder.layer.11.attention.self.query.lora_E.default,8,8,0.004034782759845257,0.007669136393815279
200,11,Attention,value,base_model.model.bert.encoder.layer.11.attention.self.value.lora_E.default,8,8,0.010358461178839207,0.017337528988718987
200,11,FFN,intermediate,base_model.model.bert.encoder.layer.11.intermediate.dense.lora_E.default,8,8,0.020132556557655334,0.03838115930557251
200,11,FFN,output,base_model.model.bert.encoder.layer.11.output.dense.lora_E.default,8,8,0.008084542118012905,0.016434961929917336
250,0,Attention,query,base_model.model.bert.encoder.layer.0.attention.self.query.lora_E.default,8,8,0.0033324139658361673,0.00858298409730196
250,0,Attention,value,base_model.model.bert.encoder.layer.0.attention.self.value.lora_E.default,8,8,0.004945369437336922,0.008724401704967022
250,0,FFN,intermediate,base_model.model.bert.encoder.layer.0.intermediate.dense.lora_E.default,8,8,0.0049589150585234165,0.009302881546318531
250,0,FFN,output,base_model.model.bert.encoder.layer.0.output.dense.lora_E.default,8,8,0.0034179568756371737,0.006995657458901405
250,1,Attention,query,base_model.model.bert.encoder.layer.1.attention.self.query.lora_E.default,8,8,0.0027889579068869352,0.0065629202872514725
250,1,Attention,value,base_model.model.bert.encoder.layer.1.attention.self.value.lora_E.default,8,8,0.004345536231994629,0.008524985052645206
250,1,FFN,intermediate,base_model.model.bert.encoder.layer.1.intermediate.dense.lora_E.default,8,8,0.003478124737739563,0.00828991923481226
250,1,FFN,output,base_model.model.bert.encoder.layer.1.output.dense.lora_E.default,8,8,0.002727032406255603,0.008284816518425941
250,2,Attention,query,base_model.model.bert.encoder.layer.2.attention.self.query.lora_E.default,8,8,0.003917207941412926,0.0074121057987213135
250,2,Attention,value,base_model.model.bert.encoder.layer.2.attention.self.value.lora_E.default,8,8,0.0035278252325952053,0.008174736052751541
250,2,FFN,intermediate,base_model.model.bert.encoder.layer.2.intermediate.dense.lora_E.default,8,8,0.003073969855904579,0.013044186867773533
250,2,FFN,output,base_model.model.bert.encoder.layer.2.output.dense.lora_E.default,8,8,0.0020089084282517433,0.0053662145510315895
250,3,Attention,query,base_model.model.bert.encoder.layer.3.attention.self.query.lora_E.default,8,8,0.004096760414540768,0.010345769114792347
250,3,Attention,value,base_model.model.bert.encoder.layer.3.attention.self.value.lora_E.default,8,8,0.004541370086371899,0.010446194559335709
250,3,FFN,intermediate,base_model.model.bert.encoder.layer.3.intermediate.dense.lora_E.default,8,8,0.004532033111900091,0.008975247852504253
250,3,FFN,output,base_model.model.bert.encoder.layer.3.output.dense.lora_E.default,8,8,0.0052752746269106865,0.010877949185669422
250,4,Attention,query,base_model.model.bert.encoder.layer.4.attention.self.query.lora_E.default,8,8,0.0045999763533473015,0.007752484176307917
250,4,Attention,value,base_model.model.bert.encoder.layer.4.attention.self.value.lora_E.default,8,8,0.006845049560070038,0.029879838228225708
250,4,FFN,intermediate,base_model.model.bert.encoder.layer.4.intermediate.dense.lora_E.default,8,8,0.003818986937403679,0.008576998487114906
250,4,FFN,output,base_model.model.bert.encoder.layer.4.output.dense.lora_E.default,8,8,0.004145452752709389,0.009485184215009212
250,5,Attention,query,base_model.model.bert.encoder.layer.5.attention.self.query.lora_E.default,8,8,0.003784600645303726,0.007555046584457159
250,5,Attention,value,base_model.model.bert.encoder.layer.5.attention.self.value.lora_E.default,8,8,0.008337552659213543,0.016131160780787468
250,5,FFN,intermediate,base_model.model.bert.encoder.layer.5.intermediate.dense.lora_E.default,8,8,0.0046290503814816475,0.010172996670007706
250,5,FFN,output,base_model.model.bert.encoder.layer.5.output.dense.lora_E.default,8,8,0.00710713304579258,0.019019657745957375
250,6,Attention,query,base_model.model.bert.encoder.layer.6.attention.self.query.lora_E.default,8,8,0.0033358989749103785,0.005698371212929487
250,6,Attention,value,base_model.model.bert.encoder.layer.6.attention.self.value.lora_E.default,8,8,0.011800766922533512,0.019539684057235718
250,6,FFN,intermediate,base_model.model.bert.encoder.layer.6.intermediate.dense.lora_E.default,8,8,0.0073358286172151566,0.017127210274338722
250,6,FFN,output,base_model.model.bert.encoder.layer.6.output.dense.lora_E.default,8,8,0.008987568318843842,0.01750977709889412
250,7,Attention,query,base_model.model.bert.encoder.layer.7.attention.self.query.lora_E.default,8,8,0.0024824938736855984,0.009038164280354977
250,7,Attention,value,base_model.model.bert.encoder.layer.7.attention.self.value.lora_E.default,8,8,0.013561960309743881,0.024849390611052513
250,7,FFN,intermediate,base_model.model.bert.encoder.layer.7.intermediate.dense.lora_E.default,8,8,0.010165455751121044,0.02872532606124878
250,7,FFN,output,base_model.model.bert.encoder.layer.7.output.dense.lora_E.default,8,8,0.005909409839659929,0.013265306130051613
250,8,Attention,query,base_model.model.bert.encoder.layer.8.attention.self.query.lora_E.default,8,8,0.00336375180631876,0.008203525096178055
250,8,Attention,value,base_model.model.bert.encoder.layer.8.attention.self.value.lora_E.default,8,8,0.010667962953448296,0.0251948069781065
250,8,FFN,intermediate,base_model.model.bert.encoder.layer.8.intermediate.dense.lora_E.default,8,8,0.02127644047141075,0.035669490694999695
250,8,FFN,output,base_model.model.bert.encoder.layer.8.output.dense.lora_E.default,8,8,0.014738519676029682,0.041937973350286484
250,9,Attention,query,base_model.model.bert.encoder.layer.9.attention.self.query.lora_E.default,8,8,0.002387033309787512,0.005774084944278002
250,9,Attention,value,base_model.model.bert.encoder.layer.9.attention.self.value.lora_E.default,8,8,0.014866822399199009,0.03804923593997955
250,9,FFN,intermediate,base_model.model.bert.encoder.layer.9.intermediate.dense.lora_E.default,8,8,0.024002909660339355,0.05451011285185814
250,9,FFN,output,base_model.model.bert.encoder.layer.9.output.dense.lora_E.default,8,8,0.013396067544817924,0.030762294307351112
250,10,Attention,query,base_model.model.bert.encoder.layer.10.attention.self.query.lora_E.default,8,8,0.005897527560591698,0.015841053798794746
250,10,Attention,value,base_model.model.bert.encoder.layer.10.attention.self.value.lora_E.default,8,8,0.013727610930800438,0.03294685482978821
250,10,FFN,intermediate,base_model.model.bert.encoder.layer.10.intermediate.dense.lora_E.default,8,8,0.016477050259709358,0.03651883453130722
250,10,FFN,output,base_model.model.bert.encoder.layer.10.output.dense.lora_E.default,8,8,0.007051354274153709,0.01854468323290348
250,11,Attention,query,base_model.model.bert.encoder.layer.11.attention.self.query.lora_E.default,8,8,0.005167989991605282,0.010582121089100838
250,11,Attention,value,base_model.model.bert.encoder.layer.11.attention.self.value.lora_E.default,8,8,0.01596183143556118,0.028056873008608818
250,11,FFN,intermediate,base_model.model.bert.encoder.layer.11.intermediate.dense.lora_E.default,8,8,0.03176622837781906,0.05550594627857208
250,11,FFN,output,base_model.model.bert.encoder.layer.11.output.dense.lora_E.default,8,8,0.01313677430152893,0.02638285607099533
300,0,Attention,query,base_model.model.bert.encoder.layer.0.attention.self.query.lora_E.default,8,8,0.004301056731492281,0.009660790674388409
300,0,Attention,value,base_model.model.bert.encoder.layer.0.attention.self.value.lora_E.default,8,8,0.006142909172922373,0.01056950818747282
300,0,FFN,intermediate,base_model.model.bert.encoder.layer.0.intermediate.dense.lora_E.default,8,8,0.006829843390733004,0.013434672728180885
300,0,FFN,output,base_model.model.bert.encoder.layer.0.output.dense.lora_E.default,8,8,0.005244804080575705,0.009341455064713955
300,1,Attention,query,base_model.model.bert.encoder.layer.1.attention.self.query.lora_E.default,8,8,0.003622632008045912,0.0068589746952056885
300,1,Attention,value,base_model.model.bert.encoder.layer.1.attention.self.value.lora_E.default,8,8,0.0062444922514259815,0.01210834737867117
300,1,FFN,intermediate,base_model.model.bert.encoder.layer.1.intermediate.dense.lora_E.default,8,8,0.004320546053349972,0.012249534018337727
300,1,FFN,output,base_model.model.bert.encoder.layer.1.output.dense.lora_E.default,8,8,0.003448944306001067,0.008520901203155518
300,2,Attention,query,base_model.model.bert.encoder.layer.2.attention.self.query.lora_E.default,8,8,0.003990506753325462,0.007815741933882236
300,2,Attention,value,base_model.model.bert.encoder.layer.2.attention.self.value.lora_E.default,8,8,0.005333613604307175,0.010506811551749706
300,2,FFN,intermediate,base_model.model.bert.encoder.layer.2.intermediate.dense.lora_E.default,8,8,0.005514803808182478,0.019726326689124107
300,2,FFN,output,base_model.model.bert.encoder.layer.2.output.dense.lora_E.default,8,8,0.002420866396278143,0.006665430963039398
300,3,Attention,query,base_model.model.bert.encoder.layer.3.attention.self.query.lora_E.default,8,8,0.004287384916096926,0.00929421465843916
300,3,Attention,value,base_model.model.bert.encoder.layer.3.attention.self.value.lora_E.default,8,8,0.00581155251711607,0.012118558399379253
300,3,FFN,intermediate,base_model.model.bert.encoder.layer.3.intermediate.dense.lora_E.default,8,8,0.005962572060525417,0.01082001905888319
300,3,FFN,output,base_model.model.bert.encoder.layer.3.output.dense.lora_E.default,8,8,0.007850376889109612,0.016610467806458473
300,4,Attention,query,base_model.model.bert.encoder.layer.4.attention.self.query.lora_E.default,8,8,0.0053349765948951244,0.009800683706998825
300,4,Attention,value,base_model.model.bert.encoder.layer.4.attention.self.value.lora_E.default,8,8,0.009349514730274677,0.04302877187728882
300,4,FFN,intermediate,base_model.model.bert.encoder.layer.4.intermediate.dense.lora_E.default,8,8,0.005582310725003481,0.009644427336752415
300,4,FFN,output,base_model.model.bert.encoder.layer.4.output.dense.lora_E.default,8,8,0.005735782906413078,0.014936411753296852
300,5,Attention,query,base_model.model.bert.encoder.layer.5.attention.self.query.lora_E.default,8,8,0.005267029628157616,0.010096866637468338
300,5,Attention,value,base_model.model.bert.encoder.layer.5.attention.self.value.lora_E.default,8,8,0.011081909760832787,0.02655731700360775
300,5,FFN,intermediate,base_model.model.bert.encoder.layer.5.intermediate.dense.lora_E.default,8,8,0.007050385698676109,0.015363592654466629
300,5,FFN,output,base_model.model.bert.encoder.layer.5.output.dense.lora_E.default,8,8,0.010826073586940765,0.03214649856090546
300,6,Attention,query,base_model.model.bert.encoder.layer.6.attention.self.query.lora_E.default,8,8,0.003673835890367627,0.007466471288353205
300,6,Attention,value,base_model.model.bert.encoder.layer.6.attention.self.value.lora_E.default,8,8,0.018246393650770187,0.029665064066648483
300,6,FFN,intermediate,base_model.model.bert.encoder.layer.6.intermediate.dense.lora_E.default,8,8,0.0137864351272583,0.030368715524673462
300,6,FFN,output,base_model.model.bert.encoder.layer.6.output.dense.lora_E.default,8,8,0.015181899070739746,0.031789109110832214
300,7,Attention,query,base_model.model.bert.encoder.layer.7.attention.self.query.lora_E.default,8,8,0.0031588803976774216,0.009410364553332329
300,7,Attention,value,base_model.model.bert.encoder.layer.7.attention.self.value.lora_E.default,8,8,0.02096186950802803,0.03703957796096802
300,7,FFN,intermediate,base_model.model.bert.encoder.layer.7.intermediate.dense.lora_E.default,8,8,0.01663513109087944,0.04440368339419365
300,7,FFN,output,base_model.model.bert.encoder.layer.7.output.dense.lora_E.default,8,8,0.009801861830055714,0.022603347897529602
300,8,Attention,query,base_model.model.bert.encoder.layer.8.attention.self.query.lora_E.default,8,8,0.0036042165011167526,0.01011715643107891
300,8,Attention,value,base_model.model.bert.encoder.layer.8.attention.self.value.lora_E.default,8,8,0.016632461920380592,0.040216729044914246
300,8,FFN,intermediate,base_model.model.bert.encoder.layer.8.intermediate.dense.lora_E.default,8,8,0.03490002453327179,0.05472719669342041
300,8,FFN,output,base_model.model.bert.encoder.layer.8.output.dense.lora_E.default,8,8,0.021945863962173462,0.060110267251729965
300,9,Attention,query,base_model.model.bert.encoder.layer.9.attention.self.query.lora_E.default,8,8,0.0037215999327600002,0.0096611762419343
300,9,Attention,value,base_model.model.bert.encoder.layer.9.attention.self.value.lora_E.default,8,8,0.022902902215719223,0.053483594208955765
300,9,FFN,intermediate,base_model.model.bert.encoder.layer.9.intermediate.dense.lora_E.default,8,8,0.03714166581630707,0.0721001848578453
300,9,FFN,output,base_model.model.bert.encoder.layer.9.output.dense.lora_E.default,8,8,0.020026221871376038,0.045464396476745605
300,10,Attention,query,base_model.model.bert.encoder.layer.10.attention.self.query.lora_E.default,8,8,0.008753370493650436,0.025525273755192757
300,10,Attention,value,base_model.model.bert.encoder.layer.10.attention.self.value.lora_E.default,8,8,0.02101016789674759,0.0475798062980175
300,10,FFN,intermediate,base_model.model.bert.encoder.layer.10.intermediate.dense.lora_E.default,8,8,0.027441417798399925,0.052028588950634
300,10,FFN,output,base_model.model.bert.encoder.layer.10.output.dense.lora_E.default,8,8,0.01159554161131382,0.028903312981128693
300,11,Attention,query,base_model.model.bert.encoder.layer.11.attention.self.query.lora_E.default,8,8,0.0067421006970107555,0.014843086712062359
300,11,Attention,value,base_model.model.bert.encoder.layer.11.attention.self.value.lora_E.default,8,8,0.024596557021141052,0.042602866888046265
300,11,FFN,intermediate,base_model.model.bert.encoder.layer.11.intermediate.dense.lora_E.default,8,8,0.04502110555768013,0.07297047972679138
300,11,FFN,output,base_model.model.bert.encoder.layer.11.output.dense.lora_E.default,8,8,0.021012751385569572,0.04121033847332001
350,0,Attention,query,base_model.model.bert.encoder.layer.0.attention.self.query.lora_E.default,8,8,0.005110714118927717,0.013532147742807865
350,0,Attention,value,base_model.model.bert.encoder.layer.0.attention.self.value.lora_E.default,8,8,0.008700397796928883,0.015646880492568016
350,0,FFN,intermediate,base_model.model.bert.encoder.layer.0.intermediate.dense.lora_E.default,8,8,0.010139078833162785,0.017015984281897545
350,0,FFN,output,base_model.model.bert.encoder.layer.0.output.dense.lora_E.default,8,8,0.007231088820844889,0.014997193589806557
350,1,Attention,query,base_model.model.bert.encoder.layer.1.attention.self.query.lora_E.default,8,8,0.004629314877092838,0.009617161937057972
350,1,Attention,value,base_model.model.bert.encoder.layer.1.attention.self.value.lora_E.default,8,8,0.008476736955344677,0.014327232725918293
350,1,FFN,intermediate,base_model.model.bert.encoder.layer.1.intermediate.dense.lora_E.default,8,8,0.006573513150215149,0.016765272244811058
350,1,FFN,output,base_model.model.bert.encoder.layer.1.output.dense.lora_E.default,8,8,0.004686795175075531,0.011746784672141075
350,2,Attention,query,base_model.model.bert.encoder.layer.2.attention.self.query.lora_E.default,8,8,0.00527108134701848,0.01010862272232771
350,2,Attention,value,base_model.model.bert.encoder.layer.2.attention.self.value.lora_E.default,8,8,0.006509098690003157,0.014708506874740124
350,2,FFN,intermediate,base_model.model.bert.encoder.layer.2.intermediate.dense.lora_E.default,8,8,0.009481925517320633,0.028235048055648804
350,2,FFN,output,base_model.model.bert.encoder.layer.2.output.dense.lora_E.default,8,8,0.003954053390771151,0.01038576103746891
350,3,Attention,query,base_model.model.bert.encoder.layer.3.attention.self.query.lora_E.default,8,8,0.00535312294960022,0.0127749964594841
350,3,Attention,value,base_model.model.bert.encoder.layer.3.attention.self.value.lora_E.default,8,8,0.007619085256010294,0.013268724083900452
350,3,FFN,intermediate,base_model.model.bert.encoder.layer.3.intermediate.dense.lora_E.default,8,8,0.009833591058850288,0.01884446293115616
350,3,FFN,output,base_model.model.bert.encoder.layer.3.output.dense.lora_E.default,8,8,0.01051171775907278,0.022836338728666306
350,4,Attention,query,base_model.model.bert.encoder.layer.4.attention.self.query.lora_E.default,8,8,0.005873033776879311,0.013923309743404388
350,4,Attention,value,base_model.model.bert.encoder.layer.4.attention.self.value.lora_E.default,8,8,0.012459218502044678,0.053725387901067734
350,4,FFN,intermediate,base_model.model.bert.encoder.layer.4.intermediate.dense.lora_E.default,8,8,0.00914555974304676,0.014810691587626934
350,4,FFN,output,base_model.model.bert.encoder.layer.4.output.dense.lora_E.default,8,8,0.008256837725639343,0.024692973122000694
350,5,Attention,query,base_model.model.bert.encoder.layer.5.attention.self.query.lora_E.default,8,8,0.005708861630409956,0.012198290787637234
350,5,Attention,value,base_model.model.bert.encoder.layer.5.attention.self.value.lora_E.default,8,8,0.015113530680537224,0.03768270090222359
350,5,FFN,intermediate,base_model.model.bert.encoder.layer.5.intermediate.dense.lora_E.default,8,8,0.011004187166690826,0.024656834080815315
350,5,FFN,output,base_model.model.bert.encoder.layer.5.output.dense.lora_E.default,8,8,0.01701246201992035,0.04394765943288803
350,6,Attention,query,base_model.model.bert.encoder.layer.6.attention.self.query.lora_E.default,8,8,0.004496099893003702,0.00819461327046156
350,6,Attention,value,base_model.model.bert.encoder.layer.6.attention.self.value.lora_E.default,8,8,0.026145579293370247,0.041485484689474106
350,6,FFN,intermediate,base_model.model.bert.encoder.layer.6.intermediate.dense.lora_E.default,8,8,0.02344057522714138,0.04469159618020058
350,6,FFN,output,base_model.model.bert.encoder.layer.6.output.dense.lora_E.default,8,8,0.02378925122320652,0.04815196990966797
350,7,Attention,query,base_model.model.bert.encoder.layer.7.attention.self.query.lora_E.default,8,8,0.003386835101991892,0.00706858653575182
350,7,Attention,value,base_model.model.bert.encoder.layer.7.attention.self.value.lora_E.default,8,8,0.030070113018155098,0.051185619086027145
350,7,FFN,intermediate,base_model.model.bert.encoder.layer.7.intermediate.dense.lora_E.default,8,8,0.02509460411965847,0.059851717203855515
350,7,FFN,output,base_model.model.bert.encoder.layer.7.output.dense.lora_E.default,8,8,0.015634406358003616,0.03498930111527443
350,8,Attention,query,base_model.model.bert.encoder.layer.8.attention.self.query.lora_E.default,8,8,0.005613763350993395,0.013726028613746166
350,8,Attention,value,base_model.model.bert.encoder.layer.8.attention.self.value.lora_E.default,8,8,0.024918455630540848,0.05720628798007965
350,8,FFN,intermediate,base_model.model.bert.encoder.layer.8.intermediate.dense.lora_E.default,8,8,0.04798953980207443,0.07160747051239014
350,8,FFN,output,base_model.model.bert.encoder.layer.8.output.dense.lora_E.default,8,8,0.029977701604366302,0.07309284061193466
350,9,Attention,query,base_model.model.bert.encoder.layer.9.attention.self.query.lora_E.default,8,8,0.0050347368232905865,0.010772982612252235
350,9,Attention,value,base_model.model.bert.encoder.layer.9.attention.self.value.lora_E.default,8,8,0.03277639299631119,0.06397915631532669
350,9,FFN,intermediate,base_model.model.bert.encoder.layer.9.intermediate.dense.lora_E.default,8,8,0.051017384976148605,0.08683203905820847
350,9,FFN,output,base_model.model.bert.encoder.layer.9.output.dense.lora_E.default,8,8,0.02757401391863823,0.06017521396279335
350,10,Attention,query,base_model.model.bert.encoder.layer.10.attention.self.query.lora_E.default,8,8,0.01203530840575695,0.03469999134540558
350,10,Attention,value,base_model.model.bert.encoder.layer.10.attention.self.value.lora_E.default,8,8,0.029821477830410004,0.06145092844963074
350,10,FFN,intermediate,base_model.model.bert.encoder.layer.10.intermediate.dense.lora_E.default,8,8,0.03958333656191826,0.06619585305452347
350,10,FFN,output,base_model.model.bert.encoder.layer.10.output.dense.lora_E.default,8,8,0.016663119196891785,0.042380254715681076
350,11,Attention,query,base_model.model.bert.encoder.layer.11.attention.self.query.lora_E.default,8,8,0.009400964714586735,0.02311701513826847
350,11,Attention,value,base_model.model.bert.encoder.layer.11.attention.self.value.lora_E.default,8,8,0.03463362157344818,0.05758502334356308
350,11,FFN,intermediate,base_model.model.bert.encoder.layer.11.intermediate.dense.lora_E.default,8,8,0.05627564340829849,0.08693521469831467
350,11,FFN,output,base_model.model.bert.encoder.layer.11.output.dense.lora_E.default,8,8,0.03113519586622715,0.05782784894108772
400,0,Attention,query,base_model.model.bert.encoder.layer.0.attention.self.query.lora_E.default,8,8,0.006618489045649767,0.0187221672385931
400,0,Attention,value,base_model.model.bert.encoder.layer.0.attention.self.value.lora_E.default,8,8,0.012632881291210651,0.02360018715262413
400,0,FFN,intermediate,base_model.model.bert.encoder.layer.0.intermediate.dense.lora_E.default,8,8,0.016224807128310204,0.02386048249900341
400,0,FFN,output,base_model.model.bert.encoder.layer.0.output.dense.lora_E.default,8,8,0.00973840057849884,0.022991415113210678
400,1,Attention,query,base_model.model.bert.encoder.layer.1.attention.self.query.lora_E.default,8,8,0.00453544408082962,0.010458257980644703
400,1,Attention,value,base_model.model.bert.encoder.layer.1.attention.self.value.lora_E.default,8,8,0.011233891360461712,0.018016327172517776
400,1,FFN,intermediate,base_model.model.bert.encoder.layer.1.intermediate.dense.lora_E.default,8,8,0.011206287890672684,0.02546694502234459
400,1,FFN,output,base_model.model.bert.encoder.layer.1.output.dense.lora_E.default,8,8,0.006643504835665226,0.013218482956290245
400,2,Attention,query,base_model.model.bert.encoder.layer.2.attention.self.query.lora_E.default,8,8,0.005859668366611004,0.010749811306595802
400,2,Attention,value,base_model.model.bert.encoder.layer.2.attention.self.value.lora_E.default,8,8,0.008772230707108974,0.02010618895292282
400,2,FFN,intermediate,base_model.model.bert.encoder.layer.2.intermediate.dense.lora_E.default,8,8,0.013615205883979797,0.037616316229104996
400,2,FFN,output,base_model.model.bert.encoder.layer.2.output.dense.lora_E.default,8,8,0.005630905274301767,0.017721019685268402
400,3,Attention,query,base_model.model.bert.encoder.layer.3.attention.self.query.lora_E.default,8,8,0.006366970017552376,0.015652000904083252
400,3,Attention,value,base_model.model.bert.encoder.layer.3.attention.self.value.lora_E.default,8,8,0.010997823439538479,0.019133226945996284
400,3,FFN,intermediate,base_model.model.bert.encoder.layer.3.intermediate.dense.lora_E.default,8,8,0.015180825255811214,0.02862611413002014
400,3,FFN,output,base_model.model.bert.encoder.layer.3.output.dense.lora_E.default,8,8,0.01404992863535881,0.03213637322187424
400,4,Attention,query,base_model.model.bert.encoder.layer.4.attention.self.query.lora_E.default,8,8,0.006889804732054472,0.01721826381981373
400,4,Attention,value,base_model.model.bert.encoder.layer.4.attention.self.value.lora_E.default,8,8,0.016915706917643547,0.06409469991922379
400,4,FFN,intermediate,base_model.model.bert.encoder.layer.4.intermediate.dense.lora_E.default,8,8,0.01582915708422661,0.023382794111967087
400,4,FFN,output,base_model.model.bert.encoder.layer.4.output.dense.lora_E.default,8,8,0.01185709796845913,0.03800031170248985
400,5,Attention,query,base_model.model.bert.encoder.layer.5.attention.self.query.lora_E.default,8,8,0.007084756623953581,0.01588643155992031
400,5,Attention,value,base_model.model.bert.encoder.layer.5.attention.self.value.lora_E.default,8,8,0.02173655293881893,0.051751844584941864
400,5,FFN,intermediate,base_model.model.bert.encoder.layer.5.intermediate.dense.lora_E.default,8,8,0.01719111204147339,0.03940087556838989
400,5,FFN,output,base_model.model.bert.encoder.layer.5.output.dense.lora_E.default,8,8,0.026026306673884392,0.05645831301808357
400,6,Attention,query,base_model.model.bert.encoder.layer.6.attention.self.query.lora_E.default,8,8,0.005205355118960142,0.009812918491661549
400,6,Attention,value,base_model.model.bert.encoder.layer.6.attention.self.value.lora_E.default,8,8,0.036098238080739975,0.0556318424642086
400,6,FFN,intermediate,base_model.model.bert.encoder.layer.6.intermediate.dense.lora_E.default,8,8,0.0368625745177269,0.059816982597112656
400,6,FFN,output,base_model.model.bert.encoder.layer.6.output.dense.lora_E.default,8,8,0.03378508239984512,0.06268148124217987
400,7,Attention,query,base_model.model.bert.encoder.layer.7.attention.self.query.lora_E.default,8,8,0.00440085818991065,0.008045372553169727
400,7,Attention,value,base_model.model.bert.encoder.layer.7.attention.self.value.lora_E.default,8,8,0.04159785807132721,0.06652242690324783
400,7,FFN,intermediate,base_model.model.bert.encoder.layer.7.intermediate.dense.lora_E.default,8,8,0.036200400441884995,0.07355529069900513
400,7,FFN,output,base_model.model.bert.encoder.layer.7.output.dense.lora_E.default,8,8,0.02294326387345791,0.05301403999328613
400,8,Attention,query,base_model.model.bert.encoder.layer.8.attention.self.query.lora_E.default,8,8,0.009387986734509468,0.022394327446818352
400,8,Attention,value,base_model.model.bert.encoder.layer.8.attention.self.value.lora_E.default,8,8,0.03269485756754875,0.07310754060745239
400,8,FFN,intermediate,base_model.model.bert.encoder.layer.8.intermediate.dense.lora_E.default,8,8,0.06180456280708313,0.0864250510931015
400,8,FFN,output,base_model.model.bert.encoder.layer.8.output.dense.lora_E.default,8,8,0.036901120096445084,0.08274297416210175
400,9,Attention,query,base_model.model.bert.encoder.layer.9.attention.self.query.lora_E.default,8,8,0.0068504950031638145,0.012292598374187946
400,9,Attention,value,base_model.model.bert.encoder.layer.9.attention.self.value.lora_E.default,8,8,0.04190748184919357,0.07346443831920624
400,9,FFN,intermediate,base_model.model.bert.encoder.layer.9.intermediate.dense.lora_E.default,8,8,0.06402543187141418,0.09930822253227234
400,9,FFN,output,base_model.model.bert.encoder.layer.9.output.dense.lora_E.default,8,8,0.03348701819777489,0.07031683623790741
400,10,Attention,query,base_model.model.bert.encoder.layer.10.attention.self.query.lora_E.default,8,8,0.01644311472773552,0.0466986820101738
400,10,Attention,value,base_model.model.bert.encoder.layer.10.attention.self.value.lora_E.default,8,8,0.038959357887506485,0.0719861164689064
400,10,FFN,intermediate,base_model.model.bert.encoder.layer.10.intermediate.dense.lora_E.default,8,8,0.05073040351271629,0.07785898447036743
400,10,FFN,output,base_model.model.bert.encoder.layer.10.output.dense.lora_E.default,8,8,0.022372012957930565,0.05244534835219383
400,11,Attention,query,base_model.model.bert.encoder.layer.11.attention.self.query.lora_E.default,8,8,0.01185613963752985,0.030796872451901436
400,11,Attention,value,base_model.model.bert.encoder.layer.11.attention.self.value.lora_E.default,8,8,0.04415161535143852,0.06941865384578705
400,11,FFN,intermediate,base_model.model.bert.encoder.layer.11.intermediate.dense.lora_E.default,8,8,0.06810116022825241,0.09921329468488693
400,11,FFN,output,base_model.model.bert.encoder.layer.11.output.dense.lora_E.default,8,8,0.042123354971408844,0.07398376613855362
450,0,Attention,query,base_model.model.bert.encoder.layer.0.attention.self.query.lora_E.default,8,8,0.008328994736075401,0.023658201098442078
450,0,Attention,value,base_model.model.bert.encoder.layer.0.attention.self.value.lora_E.default,8,8,0.014880368486046791,0.0290182176977396
450,0,FFN,intermediate,base_model.model.bert.encoder.layer.0.intermediate.dense.lora_E.default,8,8,0.02093147300183773,0.029711317270994186
450,0,FFN,output,base_model.model.bert.encoder.layer.0.output.dense.lora_E.default,8,8,0.012223118916153908,0.028007779270410538
450,1,Attention,query,base_model.model.bert.encoder.layer.1.attention.self.query.lora_E.default,8,8,0.005369407124817371,0.01256483979523182
450,1,Attention,value,base_model.model.bert.encoder.layer.1.attention.self.value.lora_E.default,8,8,0.013527202419936657,0.02358941175043583
450,1,FFN,intermediate,base_model.model.bert.encoder.layer.1.intermediate.dense.lora_E.default,8,8,0.014784634113311768,0.03106522560119629
450,1,FFN,output,base_model.model.bert.encoder.layer.1.output.dense.lora_E.default,8,8,0.006982360500842333,0.01695406250655651
450,2,Attention,query,base_model.model.bert.encoder.layer.2.attention.self.query.lora_E.default,8,8,0.005467829294502735,0.012424497865140438
450,2,Attention,value,base_model.model.bert.encoder.layer.2.attention.self.value.lora_E.default,8,8,0.010175094939768314,0.022866884246468544
450,2,FFN,intermediate,base_model.model.bert.encoder.layer.2.intermediate.dense.lora_E.default,8,8,0.016774602234363556,0.04296271130442619
450,2,FFN,output,base_model.model.bert.encoder.layer.2.output.dense.lora_E.default,8,8,0.00767540792003274,0.024874785915017128
450,3,Attention,query,base_model.model.bert.encoder.layer.3.attention.self.query.lora_E.default,8,8,0.006300761364400387,0.016383670270442963
450,3,Attention,value,base_model.model.bert.encoder.layer.3.attention.self.value.lora_E.default,8,8,0.013929622247815132,0.025618888437747955
450,3,FFN,intermediate,base_model.model.bert.encoder.layer.3.intermediate.dense.lora_E.default,8,8,0.020199976861476898,0.03706681355834007
450,3,FFN,output,base_model.model.bert.encoder.layer.3.output.dense.lora_E.default,8,8,0.01659310795366764,0.03914956375956535
450,4,Attention,query,base_model.model.bert.encoder.layer.4.attention.self.query.lora_E.default,8,8,0.00692023104056716,0.01920284330844879
450,4,Attention,value,base_model.model.bert.encoder.layer.4.attention.self.value.lora_E.default,8,8,0.02021872252225876,0.0694371685385704
450,4,FFN,intermediate,base_model.model.bert.encoder.layer.4.intermediate.dense.lora_E.default,8,8,0.019687021151185036,0.028217526152729988
450,4,FFN,output,base_model.model.bert.encoder.layer.4.output.dense.lora_E.default,8,8,0.014565316028892994,0.04607274383306503
450,5,Attention,query,base_model.model.bert.encoder.layer.5.attention.self.query.lora_E.default,8,8,0.00785794761031866,0.019549351185560226
450,5,Attention,value,base_model.model.bert.encoder.layer.5.attention.self.value.lora_E.default,8,8,0.02639538049697876,0.059954751282930374
450,5,FFN,intermediate,base_model.model.bert.encoder.layer.5.intermediate.dense.lora_E.default,8,8,0.02200835943222046,0.046712152659893036
450,5,FFN,output,base_model.model.bert.encoder.layer.5.output.dense.lora_E.default,8,8,0.030991651117801666,0.062300097197294235
450,6,Attention,query,base_model.model.bert.encoder.layer.6.attention.self.query.lora_E.default,8,8,0.005574708338826895,0.010735481977462769
450,6,Attention,value,base_model.model.bert.encoder.layer.6.attention.self.value.lora_E.default,8,8,0.04211323335766792,0.0654120221734047
450,6,FFN,intermediate,base_model.model.bert.encoder.layer.6.intermediate.dense.lora_E.default,8,8,0.044810958206653595,0.06839559227228165
450,6,FFN,output,base_model.model.bert.encoder.layer.6.output.dense.lora_E.default,8,8,0.03924668952822685,0.0700170248746872
450,7,Attention,query,base_model.model.bert.encoder.layer.7.attention.self.query.lora_E.default,8,8,0.005461227148771286,0.011480472050607204
450,7,Attention,value,base_model.model.bert.encoder.layer.7.attention.self.value.lora_E.default,8,8,0.04926527664065361,0.07592198252677917
450,7,FFN,intermediate,base_model.model.bert.encoder.layer.7.intermediate.dense.lora_E.default,8,8,0.041512005031108856,0.08059871196746826
450,7,FFN,output,base_model.model.bert.encoder.layer.7.output.dense.lora_E.default,8,8,0.026798997074365616,0.06271861493587494
450,8,Attention,query,base_model.model.bert.encoder.layer.8.attention.self.query.lora_E.default,8,8,0.01156659796833992,0.025303469970822334
450,8,Attention,value,base_model.model.bert.encoder.layer.8.attention.self.value.lora_E.default,8,8,0.03711722791194916,0.08169211447238922
450,8,FFN,intermediate,base_model.model.bert.encoder.layer.8.intermediate.dense.lora_E.default,8,8,0.06838564574718475,0.09290452301502228
450,8,FFN,output,base_model.model.bert.encoder.layer.8.output.dense.lora_E.default,8,8,0.03978068009018898,0.08710479736328125
450,9,Attention,query,base_model.model.bert.encoder.layer.9.attention.self.query.lora_E.default,8,8,0.007758641615509987,0.01641351543366909
450,9,Attention,value,base_model.model.bert.encoder.layer.9.attention.self.value.lora_E.default,8,8,0.04656936973333359,0.07745563983917236
450,9,FFN,intermediate,base_model.model.bert.encoder.layer.9.intermediate.dense.lora_E.default,8,8,0.0704830139875412,0.1053621843457222
450,9,FFN,output,base_model.model.bert.encoder.layer.9.output.dense.lora_E.default,8,8,0.03770137578248978,0.07472284883260727
450,10,Attention,query,base_model.model.bert.encoder.layer.10.attention.self.query.lora_E.default,8,8,0.017880398780107498,0.05209806561470032
450,10,Attention,value,base_model.model.bert.encoder.layer.10.attention.self.value.lora_E.default,8,8,0.04434392228722572,0.0785522609949112
450,10,FFN,intermediate,base_model.model.bert.encoder.layer.10.intermediate.dense.lora_E.default,8,8,0.05652361363172531,0.084344781935215
450,10,FFN,output,base_model.model.bert.encoder.layer.10.output.dense.lora_E.default,8,8,0.02622554451227188,0.057484179735183716
450,11,Attention,query,base_model.model.bert.encoder.layer.11.attention.self.query.lora_E.default,8,8,0.013166511431336403,0.03585590422153473
450,11,Attention,value,base_model.model.bert.encoder.layer.11.attention.self.value.lora_E.default,8,8,0.04996304586529732,0.07650983333587646
450,11,FFN,intermediate,base_model.model.bert.encoder.layer.11.intermediate.dense.lora_E.default,8,8,0.07527100294828415,0.10624754428863525
450,11,FFN,output,base_model.model.bert.encoder.layer.11.output.dense.lora_E.default,8,8,0.04943107068538666,0.08526666462421417
500,0,Attention,query,base_model.model.bert.encoder.layer.0.attention.self.query.lora_E.default,8,8,0.009642661549150944,0.027354473248124123
500,0,Attention,value,base_model.model.bert.encoder.layer.0.attention.self.value.lora_E.default,8,8,0.016067268326878548,0.03013061359524727
500,0,FFN,intermediate,base_model.model.bert.encoder.layer.0.intermediate.dense.lora_E.default,8,8,0.024288561195135117,0.03281577304005623
500,0,FFN,output,base_model.model.bert.encoder.layer.0.output.dense.lora_E.default,8,8,0.014054728671908379,0.031004706397652626
500,1,Attention,query,base_model.model.bert.encoder.layer.1.attention.self.query.lora_E.default,8,8,0.005933560896664858,0.012797515839338303
500,1,Attention,value,base_model.model.bert.encoder.layer.1.attention.self.value.lora_E.default,8,8,0.014557525515556335,0.028525207191705704
500,1,FFN,intermediate,base_model.model.bert.encoder.layer.1.intermediate.dense.lora_E.default,8,8,0.017233897000551224,0.033163100481033325
500,1,FFN,output,base_model.model.bert.encoder.layer.1.output.dense.lora_E.default,8,8,0.00820182729512453,0.02022506669163704
500,2,Attention,query,base_model.model.bert.encoder.layer.2.attention.self.query.lora_E.default,8,8,0.005829833447933197,0.01063479296863079
500,2,Attention,value,base_model.model.bert.encoder.layer.2.attention.self.value.lora_E.default,8,8,0.01096232607960701,0.026833705604076385
500,2,FFN,intermediate,base_model.model.bert.encoder.layer.2.intermediate.dense.lora_E.default,8,8,0.01920977234840393,0.04936494305729866
500,2,FFN,output,base_model.model.bert.encoder.layer.2.output.dense.lora_E.default,8,8,0.008823866955935955,0.02921293117105961
500,3,Attention,query,base_model.model.bert.encoder.layer.3.attention.self.query.lora_E.default,8,8,0.006097516044974327,0.015287349931895733
500,3,Attention,value,base_model.model.bert.encoder.layer.3.attention.self.value.lora_E.default,8,8,0.01469348929822445,0.030219903215765953
500,3,FFN,intermediate,base_model.model.bert.encoder.layer.3.intermediate.dense.lora_E.default,8,8,0.023227963596582413,0.041694339364767075
500,3,FFN,output,base_model.model.bert.encoder.layer.3.output.dense.lora_E.default,8,8,0.017705542966723442,0.04376053810119629
500,4,Attention,query,base_model.model.bert.encoder.layer.4.attention.self.query.lora_E.default,8,8,0.006917940452694893,0.02024727500975132
500,4,Attention,value,base_model.model.bert.encoder.layer.4.attention.self.value.lora_E.default,8,8,0.021214785054326057,0.0695507600903511
500,4,FFN,intermediate,base_model.model.bert.encoder.layer.4.intermediate.dense.lora_E.default,8,8,0.020763957872986794,0.03191177919507027
500,4,FFN,output,base_model.model.bert.encoder.layer.4.output.dense.lora_E.default,8,8,0.016336675733327866,0.0471838004887104
500,5,Attention,query,base_model.model.bert.encoder.layer.5.attention.self.query.lora_E.default,8,8,0.008382931351661682,0.021121805533766747
500,5,Attention,value,base_model.model.bert.encoder.layer.5.attention.self.value.lora_E.default,8,8,0.0277129877358675,0.06150953099131584
500,5,FFN,intermediate,base_model.model.bert.encoder.layer.5.intermediate.dense.lora_E.default,8,8,0.02233969047665596,0.04943811148405075
500,5,FFN,output,base_model.model.bert.encoder.layer.5.output.dense.lora_E.default,8,8,0.03170351684093475,0.061783455312252045
500,6,Attention,query,base_model.model.bert.encoder.layer.6.attention.self.query.lora_E.default,8,8,0.005679821129888296,0.011741750873625278
500,6,Attention,value,base_model.model.bert.encoder.layer.6.attention.self.value.lora_E.default,8,8,0.04259060323238373,0.06674519181251526
500,6,FFN,intermediate,base_model.model.bert.encoder.layer.6.intermediate.dense.lora_E.default,8,8,0.04787388816475868,0.07017005234956741
500,6,FFN,output,base_model.model.bert.encoder.layer.6.output.dense.lora_E.default,8,8,0.03988213464617729,0.06983839720487595
500,7,Attention,query,base_model.model.bert.encoder.layer.7.attention.self.query.lora_E.default,8,8,0.005240030121058226,0.01398860476911068
500,7,Attention,value,base_model.model.bert.encoder.layer.7.attention.self.value.lora_E.default,8,8,0.049507882446050644,0.07515684515237808
500,7,FFN,intermediate,base_model.model.bert.encoder.layer.7.intermediate.dense.lora_E.default,8,8,0.0427519828081131,0.08135126531124115
500,7,FFN,output,base_model.model.bert.encoder.layer.7.output.dense.lora_E.default,8,8,0.027937008067965508,0.06341418623924255
500,8,Attention,query,base_model.model.bert.encoder.layer.8.attention.self.query.lora_E.default,8,8,0.011897169053554535,0.025060871616005898
500,8,Attention,value,base_model.model.bert.encoder.layer.8.attention.self.value.lora_E.default,8,8,0.036372460424900055,0.08188291639089584
500,8,FFN,intermediate,base_model.model.bert.encoder.layer.8.intermediate.dense.lora_E.default,8,8,0.06863561272621155,0.09222053736448288
500,8,FFN,output,base_model.model.bert.encoder.layer.8.output.dense.lora_E.default,8,8,0.040734607726335526,0.08809279650449753
500,9,Attention,query,base_model.model.bert.encoder.layer.9.attention.self.query.lora_E.default,8,8,0.008562439121305943,0.017455872148275375
500,9,Attention,value,base_model.model.bert.encoder.layer.9.attention.self.value.lora_E.default,8,8,0.04780196398496628,0.07770010828971863
500,9,FFN,intermediate,base_model.model.bert.encoder.layer.9.intermediate.dense.lora_E.default,8,8,0.07159146666526794,0.10680035501718521
500,9,FFN,output,base_model.model.bert.encoder.layer.9.output.dense.lora_E.default,8,8,0.03858151659369469,0.07564184069633484
500,10,Attention,query,base_model.model.bert.encoder.layer.10.attention.self.query.lora_E.default,8,8,0.01887449063360691,0.05490320920944214
500,10,Attention,value,base_model.model.bert.encoder.layer.10.attention.self.value.lora_E.default,8,8,0.04594916105270386,0.08067364990711212
500,10,FFN,intermediate,base_model.model.bert.encoder.layer.10.intermediate.dense.lora_E.default,8,8,0.05633094161748886,0.08496653288602829
500,10,FFN,output,base_model.model.bert.encoder.layer.10.output.dense.lora_E.default,8,8,0.026859037578105927,0.05828920006752014
500,11,Attention,query,base_model.model.bert.encoder.layer.11.attention.self.query.lora_E.default,8,8,0.01352221705019474,0.03623025119304657
500,11,Attention,value,base_model.model.bert.encoder.layer.11.attention.self.value.lora_E.default,8,8,0.050521962344646454,0.07846912741661072
500,11,FFN,intermediate,base_model.model.bert.encoder.layer.11.intermediate.dense.lora_E.default,8,8,0.07698403298854828,0.10846924036741257
500,11,FFN,output,base_model.model.bert.encoder.layer.11.output.dense.lora_E.default,8,8,0.05068925395607948,0.08740290999412537
550,0,Attention,query,base_model.model.bert.encoder.layer.0.attention.self.query.lora_E.default,8,8,0.010506097227334976,0.03014104999601841
550,0,Attention,value,base_model.model.bert.encoder.layer.0.attention.self.value.lora_E.default,8,8,0.017570078372955322,0.032775431871414185
550,0,FFN,intermediate,base_model.model.bert.encoder.layer.0.intermediate.dense.lora_E.default,8,8,0.027225283905863762,0.03630300238728523
550,0,FFN,output,base_model.model.bert.encoder.layer.0.output.dense.lora_E.default,8,8,0.016018934547901154,0.03596162423491478
550,1,Attention,query,base_model.model.bert.encoder.layer.1.attention.self.query.lora_E.default,8,8,0.0068960245698690414,0.012594315223395824
550,1,Attention,value,base_model.model.bert.encoder.layer.1.attention.self.value.lora_E.default,8,8,0.015734342858195305,0.031291887164115906
550,1,FFN,intermediate,base_model.model.bert.encoder.layer.1.intermediate.dense.lora_E.default,8,8,0.019150076434016228,0.0361938402056694
550,1,FFN,output,base_model.model.bert.encoder.layer.1.output.dense.lora_E.default,8,8,0.008806370198726654,0.01973740942776203
550,2,Attention,query,base_model.model.bert.encoder.layer.2.attention.self.query.lora_E.default,8,8,0.005817438010126352,0.0086360489949584
550,2,Attention,value,base_model.model.bert.encoder.layer.2.attention.self.value.lora_E.default,8,8,0.010960470885038376,0.028752407059073448
550,2,FFN,intermediate,base_model.model.bert.encoder.layer.2.intermediate.dense.lora_E.default,8,8,0.021020513027906418,0.052507754415273666
550,2,FFN,output,base_model.model.bert.encoder.layer.2.output.dense.lora_E.default,8,8,0.009398724883794785,0.031708333641290665
550,3,Attention,query,base_model.model.bert.encoder.layer.3.attention.self.query.lora_E.default,8,8,0.006582529284060001,0.01595192961394787
550,3,Attention,value,base_model.model.bert.encoder.layer.3.attention.self.value.lora_E.default,8,8,0.015599464997649193,0.03179171308875084
550,3,FFN,intermediate,base_model.model.bert.encoder.layer.3.intermediate.dense.lora_E.default,8,8,0.024144165217876434,0.043100349605083466
550,3,FFN,output,base_model.model.bert.encoder.layer.3.output.dense.lora_E.default,8,8,0.018094822764396667,0.04524042457342148
550,4,Attention,query,base_model.model.bert.encoder.layer.4.attention.self.query.lora_E.default,8,8,0.007402246352285147,0.02073092572391033
550,4,Attention,value,base_model.model.bert.encoder.layer.4.attention.self.value.lora_E.default,8,8,0.02155863679945469,0.07002146542072296
550,4,FFN,intermediate,base_model.model.bert.encoder.layer.4.intermediate.dense.lora_E.default,8,8,0.02182949148118496,0.034578219056129456
550,4,FFN,output,base_model.model.bert.encoder.layer.4.output.dense.lora_E.default,8,8,0.016576427966356277,0.04713426157832146
550,5,Attention,query,base_model.model.bert.encoder.layer.5.attention.self.query.lora_E.default,8,8,0.00823788158595562,0.019845254719257355
550,5,Attention,value,base_model.model.bert.encoder.layer.5.attention.self.value.lora_E.default,8,8,0.02775089628994465,0.06045554578304291
550,5,FFN,intermediate,base_model.model.bert.encoder.layer.5.intermediate.dense.lora_E.default,8,8,0.02280931919813156,0.04950844869017601
550,5,FFN,output,base_model.model.bert.encoder.layer.5.output.dense.lora_E.default,8,8,0.03161395713686943,0.062087539583444595
550,6,Attention,query,base_model.model.bert.encoder.layer.6.attention.self.query.lora_E.default,8,8,0.005123307928442955,0.010513064451515675
550,6,Attention,value,base_model.model.bert.encoder.layer.6.attention.self.value.lora_E.default,8,8,0.04283086210489273,0.06697747856378555
550,6,FFN,intermediate,base_model.model.bert.encoder.layer.6.intermediate.dense.lora_E.default,8,8,0.04941057786345482,0.07151857018470764
550,6,FFN,output,base_model.model.bert.encoder.layer.6.output.dense.lora_E.default,8,8,0.04024830460548401,0.0702337771654129
550,7,Attention,query,base_model.model.bert.encoder.layer.7.attention.self.query.lora_E.default,8,8,0.005244603380560875,0.013534137047827244
550,7,Attention,value,base_model.model.bert.encoder.layer.7.attention.self.value.lora_E.default,8,8,0.04932825267314911,0.07481391727924347
550,7,FFN,intermediate,base_model.model.bert.encoder.layer.7.intermediate.dense.lora_E.default,8,8,0.043868355453014374,0.08343083411455154
550,7,FFN,output,base_model.model.bert.encoder.layer.7.output.dense.lora_E.default,8,8,0.029226267710328102,0.06378559023141861
550,8,Attention,query,base_model.model.bert.encoder.layer.8.attention.self.query.lora_E.default,8,8,0.011707275174558163,0.023639976978302002
550,8,Attention,value,base_model.model.bert.encoder.layer.8.attention.self.value.lora_E.default,8,8,0.03681356832385063,0.08374127745628357
550,8,FFN,intermediate,base_model.model.bert.encoder.layer.8.intermediate.dense.lora_E.default,8,8,0.0697559043765068,0.09318581968545914
550,8,FFN,output,base_model.model.bert.encoder.layer.8.output.dense.lora_E.default,8,8,0.04158317297697067,0.08928216248750687
550,9,Attention,query,base_model.model.bert.encoder.layer.9.attention.self.query.lora_E.default,8,8,0.008926928043365479,0.017799092456698418
550,9,Attention,value,base_model.model.bert.encoder.layer.9.attention.self.value.lora_E.default,8,8,0.0482233501970768,0.07830002158880234
550,9,FFN,intermediate,base_model.model.bert.encoder.layer.9.intermediate.dense.lora_E.default,8,8,0.0723893940448761,0.10811185836791992
550,9,FFN,output,base_model.model.bert.encoder.layer.9.output.dense.lora_E.default,8,8,0.03910696879029274,0.07571541517972946
550,10,Attention,query,base_model.model.bert.encoder.layer.10.attention.self.query.lora_E.default,8,8,0.020033564418554306,0.055580023676157
550,10,Attention,value,base_model.model.bert.encoder.layer.10.attention.self.value.lora_E.default,8,8,0.047132860869169235,0.08167120069265366
550,10,FFN,intermediate,base_model.model.bert.encoder.layer.10.intermediate.dense.lora_E.default,8,8,0.056416936218738556,0.08524344861507416
550,10,FFN,output,base_model.model.bert.encoder.layer.10.output.dense.lora_E.default,8,8,0.027221418917179108,0.05799085274338722
550,11,Attention,query,base_model.model.bert.encoder.layer.11.attention.self.query.lora_E.default,8,8,0.013347622938454151,0.03644797205924988
550,11,Attention,value,base_model.model.bert.encoder.layer.11.attention.self.value.lora_E.default,8,8,0.051056869328022,0.07910893857479095
550,11,FFN,intermediate,base_model.model.bert.encoder.layer.11.intermediate.dense.lora_E.default,8,8,0.07873281836509705,0.11025543510913849
550,11,FFN,output,base_model.model.bert.encoder.layer.11.output.dense.lora_E.default,8,8,0.051980264484882355,0.08871293812990189
600,0,Attention,query,base_model.model.bert.encoder.layer.0.attention.self.query.lora_E.default,8,8,0.011003117077052593,0.031924135982990265
600,0,Attention,value,base_model.model.bert.encoder.layer.0.attention.self.value.lora_E.default,8,8,0.018822913989424706,0.03464805707335472
600,0,FFN,intermediate,base_model.model.bert.encoder.layer.0.intermediate.dense.lora_E.default,8,8,0.02932690642774105,0.03824397549033165
600,0,FFN,output,base_model.model.bert.encoder.layer.0.output.dense.lora_E.default,8,8,0.017694739624857903,0.039000753313302994
600,1,Attention,query,base_model.model.bert.encoder.layer.1.attention.self.query.lora_E.default,8,8,0.007658237591385841,0.01461575273424387
600,1,Attention,value,base_model.model.bert.encoder.layer.1.attention.self.value.lora_E.default,8,8,0.01692824810743332,0.03459716960787773
600,1,FFN,intermediate,base_model.model.bert.encoder.layer.1.intermediate.dense.lora_E.default,8,8,0.022294458001852036,0.04112829640507698
600,1,FFN,output,base_model.model.bert.encoder.layer.1.output.dense.lora_E.default,8,8,0.009479546919465065,0.020246721804142
600,2,Attention,query,base_model.model.bert.encoder.layer.2.attention.self.query.lora_E.default,8,8,0.006133453920483589,0.008961005136370659
600,2,Attention,value,base_model.model.bert.encoder.layer.2.attention.self.value.lora_E.default,8,8,0.013147646561264992,0.03412983939051628
600,2,FFN,intermediate,base_model.model.bert.encoder.layer.2.intermediate.dense.lora_E.default,8,8,0.02299576625227928,0.05539620667695999
600,2,FFN,output,base_model.model.bert.encoder.layer.2.output.dense.lora_E.default,8,8,0.010570724494755268,0.03435966372489929
600,3,Attention,query,base_model.model.bert.encoder.layer.3.attention.self.query.lora_E.default,8,8,0.006530806887894869,0.015965448692440987
600,3,Attention,value,base_model.model.bert.encoder.layer.3.attention.self.value.lora_E.default,8,8,0.017088908702135086,0.03516300395131111
600,3,FFN,intermediate,base_model.model.bert.encoder.layer.3.intermediate.dense.lora_E.default,8,8,0.026737825945019722,0.048168912529945374
600,3,FFN,output,base_model.model.bert.encoder.layer.3.output.dense.lora_E.default,8,8,0.01918076165020466,0.04800516366958618
600,4,Attention,query,base_model.model.bert.encoder.layer.4.attention.self.query.lora_E.default,8,8,0.0075601027347147465,0.0217431653290987
600,4,Attention,value,base_model.model.bert.encoder.layer.4.attention.self.value.lora_E.default,8,8,0.022820357233285904,0.07226544618606567
600,4,FFN,intermediate,base_model.model.bert.encoder.layer.4.intermediate.dense.lora_E.default,8,8,0.024099882692098618,0.038146648555994034
600,4,FFN,output,base_model.model.bert.encoder.layer.4.output.dense.lora_E.default,8,8,0.018300218507647514,0.05021187290549278
600,5,Attention,query,base_model.model.bert.encoder.layer.5.attention.self.query.lora_E.default,8,8,0.008389062248170376,0.020534537732601166
600,5,Attention,value,base_model.model.bert.encoder.layer.5.attention.self.value.lora_E.default,8,8,0.02958417870104313,0.06460921466350555
600,5,FFN,intermediate,base_model.model.bert.encoder.layer.5.intermediate.dense.lora_E.default,8,8,0.024100741371512413,0.05211564898490906
600,5,FFN,output,base_model.model.bert.encoder.layer.5.output.dense.lora_E.default,8,8,0.032973647117614746,0.06450062245130539
600,6,Attention,query,base_model.model.bert.encoder.layer.6.attention.self.query.lora_E.default,8,8,0.005694731138646603,0.011122561059892178
600,6,Attention,value,base_model.model.bert.encoder.layer.6.attention.self.value.lora_E.default,8,8,0.044862233102321625,0.06917886435985565
600,6,FFN,intermediate,base_model.model.bert.encoder.layer.6.intermediate.dense.lora_E.default,8,8,0.052387841045856476,0.07431178539991379
600,6,FFN,output,base_model.model.bert.encoder.layer.6.output.dense.lora_E.default,8,8,0.041997406631708145,0.07256057858467102
600,7,Attention,query,base_model.model.bert.encoder.layer.7.attention.self.query.lora_E.default,8,8,0.005311105865985155,0.016266198828816414
600,7,Attention,value,base_model.model.bert.encoder.layer.7.attention.self.value.lora_E.default,8,8,0.05182599276304245,0.07763597369194031
600,7,FFN,intermediate,base_model.model.bert.encoder.layer.7.intermediate.dense.lora_E.default,8,8,0.04638851433992386,0.08625255525112152
600,7,FFN,output,base_model.model.bert.encoder.layer.7.output.dense.lora_E.default,8,8,0.031010184437036514,0.06657717376947403
600,8,Attention,query,base_model.model.bert.encoder.layer.8.attention.self.query.lora_E.default,8,8,0.012520709075033665,0.025540964677929878
600,8,Attention,value,base_model.model.bert.encoder.layer.8.attention.self.value.lora_E.default,8,8,0.03860418498516083,0.08640490472316742
600,8,FFN,intermediate,base_model.model.bert.encoder.layer.8.intermediate.dense.lora_E.default,8,8,0.07159841805696487,0.09536515921354294
600,8,FFN,output,base_model.model.bert.encoder.layer.8.output.dense.lora_E.default,8,8,0.04253578931093216,0.09039903432130814
600,9,Attention,query,base_model.model.bert.encoder.layer.9.attention.self.query.lora_E.default,8,8,0.008827832527458668,0.017767980694770813
600,9,Attention,value,base_model.model.bert.encoder.layer.9.attention.self.value.lora_E.default,8,8,0.048761170357465744,0.0788755714893341
600,9,FFN,intermediate,base_model.model.bert.encoder.layer.9.intermediate.dense.lora_E.default,8,8,0.07441937923431396,0.11076515913009644
600,9,FFN,output,base_model.model.bert.encoder.layer.9.output.dense.lora_E.default,8,8,0.04062811657786369,0.07690972834825516
600,10,Attention,query,base_model.model.bert.encoder.layer.10.attention.self.query.lora_E.default,8,8,0.02109465003013611,0.056871287524700165
600,10,Attention,value,base_model.model.bert.encoder.layer.10.attention.self.value.lora_E.default,8,8,0.04852582514286041,0.08363031595945358
600,10,FFN,intermediate,base_model.model.bert.encoder.layer.10.intermediate.dense.lora_E.default,8,8,0.05799788609147072,0.0870695635676384
600,10,FFN,output,base_model.model.bert.encoder.layer.10.output.dense.lora_E.default,8,8,0.02842874452471733,0.05924120917916298
600,11,Attention,query,base_model.model.bert.encoder.layer.11.attention.self.query.lora_E.default,8,8,0.013961042277514935,0.03882948309183121
600,11,Attention,value,base_model.model.bert.encoder.layer.11.attention.self.value.lora_E.default,8,8,0.052566394209861755,0.08108782768249512
600,11,FFN,intermediate,base_model.model.bert.encoder.layer.11.intermediate.dense.lora_E.default,8,8,0.08160474896430969,0.11339106410741806
600,11,FFN,output,base_model.model.bert.encoder.layer.11.output.dense.lora_E.default,8,8,0.054493073374032974,0.09170214086771011
650,0,Attention,query,base_model.model.bert.encoder.layer.0.attention.self.query.lora_E.default,8,8,0.011210417374968529,0.031757596880197525
650,0,Attention,value,base_model.model.bert.encoder.layer.0.attention.self.value.lora_E.default,8,8,0.01926075853407383,0.03455960378050804
650,0,FFN,intermediate,base_model.model.bert.encoder.layer.0.intermediate.dense.lora_E.default,8,8,0.029940802603960037,0.03935150057077408
650,0,FFN,output,base_model.model.bert.encoder.layer.0.output.dense.lora_E.default,8,8,0.0189871396869421,0.040047530084848404
650,1,Attention,query,base_model.model.bert.encoder.layer.1.attention.self.query.lora_E.default,8,8,0.007893634028732777,0.01668662577867508
650,1,Attention,value,base_model.model.bert.encoder.layer.1.attention.self.value.lora_E.default,8,8,0.017698461189866066,0.035116180777549744
650,1,FFN,intermediate,base_model.model.bert.encoder.layer.1.intermediate.dense.lora_E.default,8,8,0.023104127496480942,0.04211593419313431
650,1,FFN,output,base_model.model.bert.encoder.layer.1.output.dense.lora_E.default,8,8,0.009495053440332413,0.020482642576098442
650,2,Attention,query,base_model.model.bert.encoder.layer.2.attention.self.query.lora_E.default,8,8,0.007005017250776291,0.01029813289642334
650,2,Attention,value,base_model.model.bert.encoder.layer.2.attention.self.value.lora_E.default,8,8,0.013932999223470688,0.03680342435836792
650,2,FFN,intermediate,base_model.model.bert.encoder.layer.2.intermediate.dense.lora_E.default,8,8,0.02293631061911583,0.05633300542831421
650,2,FFN,output,base_model.model.bert.encoder.layer.2.output.dense.lora_E.default,8,8,0.010986252687871456,0.03582147881388664
650,3,Attention,query,base_model.model.bert.encoder.layer.3.attention.self.query.lora_E.default,8,8,0.006684917025268078,0.015140359289944172
650,3,Attention,value,base_model.model.bert.encoder.layer.3.attention.self.value.lora_E.default,8,8,0.016985684633255005,0.03566863015294075
650,3,FFN,intermediate,base_model.model.bert.encoder.layer.3.intermediate.dense.lora_E.default,8,8,0.027437705546617508,0.04799209162592888
650,3,FFN,output,base_model.model.bert.encoder.layer.3.output.dense.lora_E.default,8,8,0.019345011562108994,0.048162855207920074
650,4,Attention,query,base_model.model.bert.encoder.layer.4.attention.self.query.lora_E.default,8,8,0.008350485004484653,0.021726401522755623
650,4,Attention,value,base_model.model.bert.encoder.layer.4.attention.self.value.lora_E.default,8,8,0.022419793531298637,0.07217039912939072
650,4,FFN,intermediate,base_model.model.bert.encoder.layer.4.intermediate.dense.lora_E.default,8,8,0.024441946297883987,0.039364662021398544
650,4,FFN,output,base_model.model.bert.encoder.layer.4.output.dense.lora_E.default,8,8,0.018314504995942116,0.04950516298413277
650,5,Attention,query,base_model.model.bert.encoder.layer.5.attention.self.query.lora_E.default,8,8,0.008411731570959091,0.0199698805809021
650,5,Attention,value,base_model.model.bert.encoder.layer.5.attention.self.value.lora_E.default,8,8,0.02908344194293022,0.06331520527601242
650,5,FFN,intermediate,base_model.model.bert.encoder.layer.5.intermediate.dense.lora_E.default,8,8,0.024547111243009567,0.05228476598858833
650,5,FFN,output,base_model.model.bert.encoder.layer.5.output.dense.lora_E.default,8,8,0.03265438973903656,0.06401004642248154
650,6,Attention,query,base_model.model.bert.encoder.layer.6.attention.self.query.lora_E.default,8,8,0.006069504655897617,0.012142166495323181
650,6,Attention,value,base_model.model.bert.encoder.layer.6.attention.self.value.lora_E.default,8,8,0.04438690468668938,0.06821690499782562
650,6,FFN,intermediate,base_model.model.bert.encoder.layer.6.intermediate.dense.lora_E.default,8,8,0.05234096199274063,0.07420464605093002
650,6,FFN,output,base_model.model.bert.encoder.layer.6.output.dense.lora_E.default,8,8,0.0416964590549469,0.0720987468957901
650,7,Attention,query,base_model.model.bert.encoder.layer.7.attention.self.query.lora_E.default,8,8,0.005614512600004673,0.016310254111886024
650,7,Attention,value,base_model.model.bert.encoder.layer.7.attention.self.value.lora_E.default,8,8,0.05109177529811859,0.07634229212999344
650,7,FFN,intermediate,base_model.model.bert.encoder.layer.7.intermediate.dense.lora_E.default,8,8,0.04645010456442833,0.08668827265501022
650,7,FFN,output,base_model.model.bert.encoder.layer.7.output.dense.lora_E.default,8,8,0.031141556799411774,0.0666833221912384
650,8,Attention,query,base_model.model.bert.encoder.layer.8.attention.self.query.lora_E.default,8,8,0.012535195797681808,0.025776881724596024
650,8,Attention,value,base_model.model.bert.encoder.layer.8.attention.self.value.lora_E.default,8,8,0.03897608444094658,0.0866006538271904
650,8,FFN,intermediate,base_model.model.bert.encoder.layer.8.intermediate.dense.lora_E.default,8,8,0.07160267233848572,0.09533478319644928
650,8,FFN,output,base_model.model.bert.encoder.layer.8.output.dense.lora_E.default,8,8,0.04261428117752075,0.09098225831985474
650,9,Attention,query,base_model.model.bert.encoder.layer.9.attention.self.query.lora_E.default,8,8,0.008912174962460995,0.01872735098004341
650,9,Attention,value,base_model.model.bert.encoder.layer.9.attention.self.value.lora_E.default,8,8,0.04886733740568161,0.07916249334812164
650,9,FFN,intermediate,base_model.model.bert.encoder.layer.9.intermediate.dense.lora_E.default,8,8,0.0746755376458168,0.1114763617515564
650,9,FFN,output,base_model.model.bert.encoder.layer.9.output.dense.lora_E.default,8,8,0.04022878408432007,0.0771235004067421
650,10,Attention,query,base_model.model.bert.encoder.layer.10.attention.self.query.lora_E.default,8,8,0.021569736301898956,0.05787237361073494
650,10,Attention,value,base_model.model.bert.encoder.layer.10.attention.self.value.lora_E.default,8,8,0.04846000298857689,0.08397941291332245
650,10,FFN,intermediate,base_model.model.bert.encoder.layer.10.intermediate.dense.lora_E.default,8,8,0.057606566697359085,0.0866623967885971
650,10,FFN,output,base_model.model.bert.encoder.layer.10.output.dense.lora_E.default,8,8,0.028468020260334015,0.05928965285420418
650,11,Attention,query,base_model.model.bert.encoder.layer.11.attention.self.query.lora_E.default,8,8,0.014348129741847515,0.03968782722949982
650,11,Attention,value,base_model.model.bert.encoder.layer.11.attention.self.value.lora_E.default,8,8,0.05250849202275276,0.08112229406833649
650,11,FFN,intermediate,base_model.model.bert.encoder.layer.11.intermediate.dense.lora_E.default,8,8,0.08196822553873062,0.11369054764509201
650,11,FFN,output,base_model.model.bert.encoder.layer.11.output.dense.lora_E.default,8,8,0.0546337366104126,0.09168358892202377
700,0,Attention,query,base_model.model.bert.encoder.layer.0.attention.self.query.lora_E.default,8,8,0.011375307105481625,0.0330108217895031
700,0,Attention,value,base_model.model.bert.encoder.layer.0.attention.self.value.lora_E.default,8,8,0.020052975043654442,0.03561750799417496
700,0,FFN,intermediate,base_model.model.bert.encoder.layer.0.intermediate.dense.lora_E.default,8,8,0.03185272589325905,0.04169932380318642
700,0,FFN,output,base_model.model.bert.encoder.layer.0.output.dense.lora_E.default,8,8,0.02044852450489998,0.04202547296881676
700,1,Attention,query,base_model.model.bert.encoder.layer.1.attention.self.query.lora_E.default,8,8,0.007991655729711056,0.017366532236337662
700,1,Attention,value,base_model.model.bert.encoder.layer.1.attention.self.value.lora_E.default,8,8,0.01893528737127781,0.037589844316244125
700,1,FFN,intermediate,base_model.model.bert.encoder.layer.1.intermediate.dense.lora_E.default,8,8,0.024699503555893898,0.04434017464518547
700,1,FFN,output,base_model.model.bert.encoder.layer.1.output.dense.lora_E.default,8,8,0.010066810064017773,0.02110317535698414
700,2,Attention,query,base_model.model.bert.encoder.layer.2.attention.self.query.lora_E.default,8,8,0.00704914890229702,0.009528042748570442
700,2,Attention,value,base_model.model.bert.encoder.layer.2.attention.self.value.lora_E.default,8,8,0.01465102843940258,0.03951871022582054
700,2,FFN,intermediate,base_model.model.bert.encoder.layer.2.intermediate.dense.lora_E.default,8,8,0.023686928674578667,0.05793186277151108
700,2,FFN,output,base_model.model.bert.encoder.layer.2.output.dense.lora_E.default,8,8,0.011769511736929417,0.03807409852743149
700,3,Attention,query,base_model.model.bert.encoder.layer.3.attention.self.query.lora_E.default,8,8,0.00612103845924139,0.014945152215659618
700,3,Attention,value,base_model.model.bert.encoder.layer.3.attention.self.value.lora_E.default,8,8,0.017072632908821106,0.035469282418489456
700,3,FFN,intermediate,base_model.model.bert.encoder.layer.3.intermediate.dense.lora_E.default,8,8,0.027879171073436737,0.04820968210697174
700,3,FFN,output,base_model.model.bert.encoder.layer.3.output.dense.lora_E.default,8,8,0.020050613209605217,0.04957515001296997
700,4,Attention,query,base_model.model.bert.encoder.layer.4.attention.self.query.lora_E.default,8,8,0.00858867634087801,0.02149585448205471
700,4,Attention,value,base_model.model.bert.encoder.layer.4.attention.self.value.lora_E.default,8,8,0.022889837622642517,0.07241726666688919
700,4,FFN,intermediate,base_model.model.bert.encoder.layer.4.intermediate.dense.lora_E.default,8,8,0.025402450934052467,0.04192102327942848
700,4,FFN,output,base_model.model.bert.encoder.layer.4.output.dense.lora_E.default,8,8,0.019120048731565475,0.049527693539857864
700,5,Attention,query,base_model.model.bert.encoder.layer.5.attention.self.query.lora_E.default,8,8,0.008244781754910946,0.019560890272259712
700,5,Attention,value,base_model.model.bert.encoder.layer.5.attention.self.value.lora_E.default,8,8,0.029335210099816322,0.06269627809524536
700,5,FFN,intermediate,base_model.model.bert.encoder.layer.5.intermediate.dense.lora_E.default,8,8,0.025274217128753662,0.05357392504811287
700,5,FFN,output,base_model.model.bert.encoder.layer.5.output.dense.lora_E.default,8,8,0.033202048391103745,0.06341388076543808
700,6,Attention,query,base_model.model.bert.encoder.layer.6.attention.self.query.lora_E.default,8,8,0.005920057650655508,0.011890053749084473
700,6,Attention,value,base_model.model.bert.encoder.layer.6.attention.self.value.lora_E.default,8,8,0.04413297772407532,0.06823505461215973
700,6,FFN,intermediate,base_model.model.bert.encoder.layer.6.intermediate.dense.lora_E.default,8,8,0.05304737389087677,0.07441668212413788
700,6,FFN,output,base_model.model.bert.encoder.layer.6.output.dense.lora_E.default,8,8,0.041962988674640656,0.071764275431633
700,7,Attention,query,base_model.model.bert.encoder.layer.7.attention.self.query.lora_E.default,8,8,0.005659047514200211,0.017242779955267906
700,7,Attention,value,base_model.model.bert.encoder.layer.7.attention.self.value.lora_E.default,8,8,0.050636716187000275,0.07599014043807983
700,7,FFN,intermediate,base_model.model.bert.encoder.layer.7.intermediate.dense.lora_E.default,8,8,0.04696667566895485,0.08710373193025589
700,7,FFN,output,base_model.model.bert.encoder.layer.7.output.dense.lora_E.default,8,8,0.031817708164453506,0.06687181442975998
700,8,Attention,query,base_model.model.bert.encoder.layer.8.attention.self.query.lora_E.default,8,8,0.012173907831311226,0.024880576878786087
700,8,Attention,value,base_model.model.bert.encoder.layer.8.attention.self.value.lora_E.default,8,8,0.03877498582005501,0.08618584275245667
700,8,FFN,intermediate,base_model.model.bert.encoder.layer.8.intermediate.dense.lora_E.default,8,8,0.07170579582452774,0.09568488597869873
700,8,FFN,output,base_model.model.bert.encoder.layer.8.output.dense.lora_E.default,8,8,0.043151531368494034,0.09062370657920837
700,9,Attention,query,base_model.model.bert.encoder.layer.9.attention.self.query.lora_E.default,8,8,0.008761794306337833,0.019322877749800682
700,9,Attention,value,base_model.model.bert.encoder.layer.9.attention.self.value.lora_E.default,8,8,0.04917938634753227,0.07890012860298157
700,9,FFN,intermediate,base_model.model.bert.encoder.layer.9.intermediate.dense.lora_E.default,8,8,0.07529255747795105,0.1124953180551529
700,9,FFN,output,base_model.model.bert.encoder.layer.9.output.dense.lora_E.default,8,8,0.0410594567656517,0.07804038375616074
700,10,Attention,query,base_model.model.bert.encoder.layer.10.attention.self.query.lora_E.default,8,8,0.021884014829993248,0.058404237031936646
700,10,Attention,value,base_model.model.bert.encoder.layer.10.attention.self.value.lora_E.default,8,8,0.04903474822640419,0.08492529392242432
700,10,FFN,intermediate,base_model.model.bert.encoder.layer.10.intermediate.dense.lora_E.default,8,8,0.058345649391412735,0.08775892853736877
700,10,FFN,output,base_model.model.bert.encoder.layer.10.output.dense.lora_E.default,8,8,0.0291142575442791,0.060644906014204025
700,11,Attention,query,base_model.model.bert.encoder.layer.11.attention.self.query.lora_E.default,8,8,0.014528106898069382,0.04121152684092522
700,11,Attention,value,base_model.model.bert.encoder.layer.11.attention.self.value.lora_E.default,8,8,0.05316086858510971,0.08222224563360214
700,11,FFN,intermediate,base_model.model.bert.encoder.layer.11.intermediate.dense.lora_E.default,8,8,0.08296909183263779,0.11446290463209152
700,11,FFN,output,base_model.model.bert.encoder.layer.11.output.dense.lora_E.default,8,8,0.05542668327689171,0.09246627986431122
750,0,Attention,query,base_model.model.bert.encoder.layer.0.attention.self.query.lora_E.default,8,8,0.011443709954619408,0.03470928221940994
750,0,Attention,value,base_model.model.bert.encoder.layer.0.attention.self.value.lora_E.default,8,8,0.021026257425546646,0.03631627559661865
750,0,FFN,intermediate,base_model.model.bert.encoder.layer.0.intermediate.dense.lora_E.default,8,8,0.033520426601171494,0.04352934658527374
750,0,FFN,output,base_model.model.bert.encoder.layer.0.output.dense.lora_E.default,8,8,0.021606437861919403,0.043073564767837524
750,1,Attention,query,base_model.model.bert.encoder.layer.1.attention.self.query.lora_E.default,8,8,0.008093244396150112,0.018258871510624886
750,1,Attention,value,base_model.model.bert.encoder.layer.1.attention.self.value.lora_E.default,8,8,0.02003178372979164,0.040085550397634506
750,1,FFN,intermediate,base_model.model.bert.encoder.layer.1.intermediate.dense.lora_E.default,8,8,0.026528406888246536,0.04725179448723793
750,1,FFN,output,base_model.model.bert.encoder.layer.1.output.dense.lora_E.default,8,8,0.011015525087714195,0.023558663204312325
750,2,Attention,query,base_model.model.bert.encoder.layer.2.attention.self.query.lora_E.default,8,8,0.007046474609524012,0.00937814824283123
750,2,Attention,value,base_model.model.bert.encoder.layer.2.attention.self.value.lora_E.default,8,8,0.015940116718411446,0.04173389449715614
750,2,FFN,intermediate,base_model.model.bert.encoder.layer.2.intermediate.dense.lora_E.default,8,8,0.024968674406409264,0.060004107654094696
750,2,FFN,output,base_model.model.bert.encoder.layer.2.output.dense.lora_E.default,8,8,0.01288466528058052,0.03979240357875824
750,3,Attention,query,base_model.model.bert.encoder.layer.3.attention.self.query.lora_E.default,8,8,0.006399804726243019,0.014810826629400253
750,3,Attention,value,base_model.model.bert.encoder.layer.3.attention.self.value.lora_E.default,8,8,0.018180282786488533,0.037421077489852905
750,3,FFN,intermediate,base_model.model.bert.encoder.layer.3.intermediate.dense.lora_E.default,8,8,0.030027488246560097,0.050634145736694336
750,3,FFN,output,base_model.model.bert.encoder.layer.3.output.dense.lora_E.default,8,8,0.020962867885828018,0.05174145847558975
750,4,Attention,query,base_model.model.bert.encoder.layer.4.attention.self.query.lora_E.default,8,8,0.008881228044629097,0.022388458251953125
750,4,Attention,value,base_model.model.bert.encoder.layer.4.attention.self.value.lora_E.default,8,8,0.023489102721214294,0.07306619733572006
750,4,FFN,intermediate,base_model.model.bert.encoder.layer.4.intermediate.dense.lora_E.default,8,8,0.027595512568950653,0.04487407207489014
750,4,FFN,output,base_model.model.bert.encoder.layer.4.output.dense.lora_E.default,8,8,0.020110534504055977,0.05078521743416786
750,5,Attention,query,base_model.model.bert.encoder.layer.5.attention.self.query.lora_E.default,8,8,0.008377071470022202,0.020081834867596626
750,5,Attention,value,base_model.model.bert.encoder.layer.5.attention.self.value.lora_E.default,8,8,0.03017924539744854,0.06376849859952927
750,5,FFN,intermediate,base_model.model.bert.encoder.layer.5.intermediate.dense.lora_E.default,8,8,0.026731444522738457,0.05576012283563614
750,5,FFN,output,base_model.model.bert.encoder.layer.5.output.dense.lora_E.default,8,8,0.033791858702898026,0.06364752352237701
750,6,Attention,query,base_model.model.bert.encoder.layer.6.attention.self.query.lora_E.default,8,8,0.006069888826459646,0.011708658188581467
750,6,Attention,value,base_model.model.bert.encoder.layer.6.attention.self.value.lora_E.default,8,8,0.0446249358355999,0.06881074607372284
750,6,FFN,intermediate,base_model.model.bert.encoder.layer.6.intermediate.dense.lora_E.default,8,8,0.05424818769097328,0.07494058459997177
750,6,FFN,output,base_model.model.bert.encoder.layer.6.output.dense.lora_E.default,8,8,0.04249889403581619,0.0724019855260849
750,7,Attention,query,base_model.model.bert.encoder.layer.7.attention.self.query.lora_E.default,8,8,0.005202926229685545,0.01827332191169262
750,7,Attention,value,base_model.model.bert.encoder.layer.7.attention.self.value.lora_E.default,8,8,0.05078044533729553,0.07598330825567245
750,7,FFN,intermediate,base_model.model.bert.encoder.layer.7.intermediate.dense.lora_E.default,8,8,0.04775327816605568,0.0876552015542984
750,7,FFN,output,base_model.model.bert.encoder.layer.7.output.dense.lora_E.default,8,8,0.03246094658970833,0.06765511631965637
750,8,Attention,query,base_model.model.bert.encoder.layer.8.attention.self.query.lora_E.default,8,8,0.011993328109383583,0.024327857419848442
750,8,Attention,value,base_model.model.bert.encoder.layer.8.attention.self.value.lora_E.default,8,8,0.03918282315135002,0.08631747961044312
750,8,FFN,intermediate,base_model.model.bert.encoder.layer.8.intermediate.dense.lora_E.default,8,8,0.07259329408407211,0.09592857211828232
750,8,FFN,output,base_model.model.bert.encoder.layer.8.output.dense.lora_E.default,8,8,0.04382693022489548,0.0910426676273346
750,9,Attention,query,base_model.model.bert.encoder.layer.9.attention.self.query.lora_E.default,8,8,0.009357163682579994,0.020206285640597343
750,9,Attention,value,base_model.model.bert.encoder.layer.9.attention.self.value.lora_E.default,8,8,0.04963415861129761,0.07910822331905365
750,9,FFN,intermediate,base_model.model.bert.encoder.layer.9.intermediate.dense.lora_E.default,8,8,0.07600457221269608,0.11305663734674454
750,9,FFN,output,base_model.model.bert.encoder.layer.9.output.dense.lora_E.default,8,8,0.04130875691771507,0.0780949667096138
750,10,Attention,query,base_model.model.bert.encoder.layer.10.attention.self.query.lora_E.default,8,8,0.022324401885271072,0.05891769379377365
750,10,Attention,value,base_model.model.bert.encoder.layer.10.attention.self.value.lora_E.default,8,8,0.04937199503183365,0.08512499183416367
750,10,FFN,intermediate,base_model.model.bert.encoder.layer.10.intermediate.dense.lora_E.default,8,8,0.058617427945137024,0.08758918941020966
750,10,FFN,output,base_model.model.bert.encoder.layer.10.output.dense.lora_E.default,8,8,0.029253201559185982,0.060381416231393814
750,11,Attention,query,base_model.model.bert.encoder.layer.11.attention.self.query.lora_E.default,8,8,0.014589676633477211,0.04210934787988663
750,11,Attention,value,base_model.model.bert.encoder.layer.11.attention.self.value.lora_E.default,8,8,0.05330227315425873,0.08215686678886414
750,11,FFN,intermediate,base_model.model.bert.encoder.layer.11.intermediate.dense.lora_E.default,8,8,0.08337030559778214,0.11487500369548798
750,11,FFN,output,base_model.model.bert.encoder.layer.11.output.dense.lora_E.default,8,8,0.05554496869444847,0.09230630844831467
800,0,Attention,query,base_model.model.bert.encoder.layer.0.attention.self.query.lora_E.default,8,8,0.011427311226725578,0.03467623144388199
800,0,Attention,value,base_model.model.bert.encoder.layer.0.attention.self.value.lora_E.default,8,8,0.02154449000954628,0.036784760653972626
800,0,FFN,intermediate,base_model.model.bert.encoder.layer.0.intermediate.dense.lora_E.default,8,8,0.034240905195474625,0.044542863965034485
800,0,FFN,output,base_model.model.bert.encoder.layer.0.output.dense.lora_E.default,8,8,0.02251519449055195,0.044962141662836075
800,1,Attention,query,base_model.model.bert.encoder.layer.1.attention.self.query.lora_E.default,8,8,0.00806706678122282,0.018259307369589806
800,1,Attention,value,base_model.model.bert.encoder.layer.1.attention.self.value.lora_E.default,8,8,0.02040119655430317,0.04071300849318504
800,1,FFN,intermediate,base_model.model.bert.encoder.layer.1.intermediate.dense.lora_E.default,8,8,0.027472475543618202,0.048859257251024246
800,1,FFN,output,base_model.model.bert.encoder.layer.1.output.dense.lora_E.default,8,8,0.011561608873307705,0.024041229858994484
800,2,Attention,query,base_model.model.bert.encoder.layer.2.attention.self.query.lora_E.default,8,8,0.007035210728645325,0.010328706353902817
800,2,Attention,value,base_model.model.bert.encoder.layer.2.attention.self.value.lora_E.default,8,8,0.01648744009435177,0.0429985485970974
800,2,FFN,intermediate,base_model.model.bert.encoder.layer.2.intermediate.dense.lora_E.default,8,8,0.025854812934994698,0.06075083836913109
800,2,FFN,output,base_model.model.bert.encoder.layer.2.output.dense.lora_E.default,8,8,0.013582284562289715,0.040976449847221375
800,3,Attention,query,base_model.model.bert.encoder.layer.3.attention.self.query.lora_E.default,8,8,0.006505606696009636,0.01500440388917923
800,3,Attention,value,base_model.model.bert.encoder.layer.3.attention.self.value.lora_E.default,8,8,0.018805161118507385,0.038177087903022766
800,3,FFN,intermediate,base_model.model.bert.encoder.layer.3.intermediate.dense.lora_E.default,8,8,0.030981363728642464,0.05176742747426033
800,3,FFN,output,base_model.model.bert.encoder.layer.3.output.dense.lora_E.default,8,8,0.021709676831960678,0.05190902203321457
800,4,Attention,query,base_model.model.bert.encoder.layer.4.attention.self.query.lora_E.default,8,8,0.008689751848578453,0.021784251555800438
800,4,Attention,value,base_model.model.bert.encoder.layer.4.attention.self.value.lora_E.default,8,8,0.023688307031989098,0.07278452068567276
800,4,FFN,intermediate,base_model.model.bert.encoder.layer.4.intermediate.dense.lora_E.default,8,8,0.028631238266825676,0.04681074246764183
800,4,FFN,output,base_model.model.bert.encoder.layer.4.output.dense.lora_E.default,8,8,0.02054869383573532,0.05128198862075806
800,5,Attention,query,base_model.model.bert.encoder.layer.5.attention.self.query.lora_E.default,8,8,0.008520680479705334,0.020574230700731277
800,5,Attention,value,base_model.model.bert.encoder.layer.5.attention.self.value.lora_E.default,8,8,0.030957777053117752,0.06420411914587021
800,5,FFN,intermediate,base_model.model.bert.encoder.layer.5.intermediate.dense.lora_E.default,8,8,0.02732752449810505,0.05679914355278015
800,5,FFN,output,base_model.model.bert.encoder.layer.5.output.dense.lora_E.default,8,8,0.03435260057449341,0.06357652693986893
800,6,Attention,query,base_model.model.bert.encoder.layer.6.attention.self.query.lora_E.default,8,8,0.006493835244327784,0.012429987080395222
800,6,Attention,value,base_model.model.bert.encoder.layer.6.attention.self.value.lora_E.default,8,8,0.04524419456720352,0.06908901035785675
800,6,FFN,intermediate,base_model.model.bert.encoder.layer.6.intermediate.dense.lora_E.default,8,8,0.055240776389837265,0.07538386434316635
800,6,FFN,output,base_model.model.bert.encoder.layer.6.output.dense.lora_E.default,8,8,0.04284141585230827,0.07243281602859497
800,7,Attention,query,base_model.model.bert.encoder.layer.7.attention.self.query.lora_E.default,8,8,0.00510470662266016,0.019232768565416336
800,7,Attention,value,base_model.model.bert.encoder.layer.7.attention.self.value.lora_E.default,8,8,0.05079558491706848,0.07578390091657639
800,7,FFN,intermediate,base_model.model.bert.encoder.layer.7.intermediate.dense.lora_E.default,8,8,0.04868729040026665,0.08834266662597656
800,7,FFN,output,base_model.model.bert.encoder.layer.7.output.dense.lora_E.default,8,8,0.033277638256549835,0.06830037385225296
800,8,Attention,query,base_model.model.bert.encoder.layer.8.attention.self.query.lora_E.default,8,8,0.012025151401758194,0.02426704578101635
800,8,Attention,value,base_model.model.bert.encoder.layer.8.attention.self.value.lora_E.default,8,8,0.03944385051727295,0.08646148443222046
800,8,FFN,intermediate,base_model.model.bert.encoder.layer.8.intermediate.dense.lora_E.default,8,8,0.07307922095060349,0.09653212130069733
800,8,FFN,output,base_model.model.bert.encoder.layer.8.output.dense.lora_E.default,8,8,0.04447144642472267,0.09107788652181625
800,9,Attention,query,base_model.model.bert.encoder.layer.9.attention.self.query.lora_E.default,8,8,0.009840778075158596,0.02158212661743164
800,9,Attention,value,base_model.model.bert.encoder.layer.9.attention.self.value.lora_E.default,8,8,0.04992777109146118,0.07912303507328033
800,9,FFN,intermediate,base_model.model.bert.encoder.layer.9.intermediate.dense.lora_E.default,8,8,0.07667556405067444,0.11357343196868896
800,9,FFN,output,base_model.model.bert.encoder.layer.9.output.dense.lora_E.default,8,8,0.04201666638255119,0.07844524085521698
800,10,Attention,query,base_model.model.bert.encoder.layer.10.attention.self.query.lora_E.default,8,8,0.02245710790157318,0.0588952898979187
800,10,Attention,value,base_model.model.bert.encoder.layer.10.attention.self.value.lora_E.default,8,8,0.04989134520292282,0.0857296958565712
800,10,FFN,intermediate,base_model.model.bert.encoder.layer.10.intermediate.dense.lora_E.default,8,8,0.059200022369623184,0.0882134959101677
800,10,FFN,output,base_model.model.bert.encoder.layer.10.output.dense.lora_E.default,8,8,0.02972368896007538,0.06067302078008652
800,11,Attention,query,base_model.model.bert.encoder.layer.11.attention.self.query.lora_E.default,8,8,0.014667907729744911,0.043303489685058594
800,11,Attention,value,base_model.model.bert.encoder.layer.11.attention.self.value.lora_E.default,8,8,0.053839512169361115,0.08295696973800659
800,11,FFN,intermediate,base_model.model.bert.encoder.layer.11.intermediate.dense.lora_E.default,8,8,0.0841093361377716,0.11563743650913239
800,11,FFN,output,base_model.model.bert.encoder.layer.11.output.dense.lora_E.default,8,8,0.05621115863323212,0.09318380057811737
850,0,Attention,query,base_model.model.bert.encoder.layer.0.attention.self.query.lora_E.default,8,8,0.011534933000802994,0.03538164496421814
850,0,Attention,value,base_model.model.bert.encoder.layer.0.attention.self.value.lora_E.default,8,8,0.02218186855316162,0.03752335160970688
850,0,FFN,intermediate,base_model.model.bert.encoder.layer.0.intermediate.dense.lora_E.default,8,8,0.03520919382572174,0.045622389763593674
850,0,FFN,output,base_model.model.bert.encoder.layer.0.output.dense.lora_E.default,8,8,0.023438381031155586,0.046490199863910675
850,1,Attention,query,base_model.model.bert.encoder.layer.1.attention.self.query.lora_E.default,8,8,0.008377959951758385,0.019235989078879356
850,1,Attention,value,base_model.model.bert.encoder.layer.1.attention.self.value.lora_E.default,8,8,0.020853836089372635,0.04149407520890236
850,1,FFN,intermediate,base_model.model.bert.encoder.layer.1.intermediate.dense.lora_E.default,8,8,0.028759848326444626,0.050416044890880585
850,1,FFN,output,base_model.model.bert.encoder.layer.1.output.dense.lora_E.default,8,8,0.012177309021353722,0.024832002818584442
850,2,Attention,query,base_model.model.bert.encoder.layer.2.attention.self.query.lora_E.default,8,8,0.00716774445027113,0.011101426556706429
850,2,Attention,value,base_model.model.bert.encoder.layer.2.attention.self.value.lora_E.default,8,8,0.016983378678560257,0.044555727392435074
850,2,FFN,intermediate,base_model.model.bert.encoder.layer.2.intermediate.dense.lora_E.default,8,8,0.027104347944259644,0.06230984255671501
850,2,FFN,output,base_model.model.bert.encoder.layer.2.output.dense.lora_E.default,8,8,0.014264566823840141,0.04263453558087349
850,3,Attention,query,base_model.model.bert.encoder.layer.3.attention.self.query.lora_E.default,8,8,0.00653965724632144,0.014945114962756634
850,3,Attention,value,base_model.model.bert.encoder.layer.3.attention.self.value.lora_E.default,8,8,0.0191592276096344,0.03904792293906212
850,3,FFN,intermediate,base_model.model.bert.encoder.layer.3.intermediate.dense.lora_E.default,8,8,0.03224979713559151,0.052753791213035583
850,3,FFN,output,base_model.model.bert.encoder.layer.3.output.dense.lora_E.default,8,8,0.022456681355834007,0.05288024619221687
850,4,Attention,query,base_model.model.bert.encoder.layer.4.attention.self.query.lora_E.default,8,8,0.009103434160351753,0.02182481624186039
850,4,Attention,value,base_model.model.bert.encoder.layer.4.attention.self.value.lora_E.default,8,8,0.02413821592926979,0.07344617694616318
850,4,FFN,intermediate,base_model.model.bert.encoder.layer.4.intermediate.dense.lora_E.default,8,8,0.029950467869639397,0.04893355444073677
850,4,FFN,output,base_model.model.bert.encoder.layer.4.output.dense.lora_E.default,8,8,0.021299000829458237,0.0520385280251503
850,5,Attention,query,base_model.model.bert.encoder.layer.5.attention.self.query.lora_E.default,8,8,0.00883547030389309,0.021152116358280182
850,5,Attention,value,base_model.model.bert.encoder.layer.5.attention.self.value.lora_E.default,8,8,0.03163875266909599,0.06469401717185974
850,5,FFN,intermediate,base_model.model.bert.encoder.layer.5.intermediate.dense.lora_E.default,8,8,0.028124656528234482,0.0578804537653923
850,5,FFN,output,base_model.model.bert.encoder.layer.5.output.dense.lora_E.default,8,8,0.03480293229222298,0.06390970200300217
850,6,Attention,query,base_model.model.bert.encoder.layer.6.attention.self.query.lora_E.default,8,8,0.006698116660118103,0.013111118227243423
850,6,Attention,value,base_model.model.bert.encoder.layer.6.attention.self.value.lora_E.default,8,8,0.045810066163539886,0.06928423792123795
850,6,FFN,intermediate,base_model.model.bert.encoder.layer.6.intermediate.dense.lora_E.default,8,8,0.05608037859201431,0.07617299258708954
850,6,FFN,output,base_model.model.bert.encoder.layer.6.output.dense.lora_E.default,8,8,0.04328376054763794,0.0730070024728775
850,7,Attention,query,base_model.model.bert.encoder.layer.7.attention.self.query.lora_E.default,8,8,0.004944260232150555,0.01921912655234337
850,7,Attention,value,base_model.model.bert.encoder.layer.7.attention.self.value.lora_E.default,8,8,0.05118529498577118,0.07625731825828552
850,7,FFN,intermediate,base_model.model.bert.encoder.layer.7.intermediate.dense.lora_E.default,8,8,0.04941364750266075,0.08917926251888275
850,7,FFN,output,base_model.model.bert.encoder.layer.7.output.dense.lora_E.default,8,8,0.03431536257266998,0.06884248554706573
850,8,Attention,query,base_model.model.bert.encoder.layer.8.attention.self.query.lora_E.default,8,8,0.011993234977126122,0.024544939398765564
850,8,Attention,value,base_model.model.bert.encoder.layer.8.attention.self.value.lora_E.default,8,8,0.03970969095826149,0.08691078424453735
850,8,FFN,intermediate,base_model.model.bert.encoder.layer.8.intermediate.dense.lora_E.default,8,8,0.07343487441539764,0.09707978367805481
850,8,FFN,output,base_model.model.bert.encoder.layer.8.output.dense.lora_E.default,8,8,0.04506688192486763,0.09110860526561737
850,9,Attention,query,base_model.model.bert.encoder.layer.9.attention.self.query.lora_E.default,8,8,0.009915870614349842,0.022354677319526672
850,9,Attention,value,base_model.model.bert.encoder.layer.9.attention.self.value.lora_E.default,8,8,0.0503077507019043,0.07919985800981522
850,9,FFN,intermediate,base_model.model.bert.encoder.layer.9.intermediate.dense.lora_E.default,8,8,0.0770680233836174,0.11406653374433517
850,9,FFN,output,base_model.model.bert.encoder.layer.9.output.dense.lora_E.default,8,8,0.04243313521146774,0.07885439693927765
850,10,Attention,query,base_model.model.bert.encoder.layer.10.attention.self.query.lora_E.default,8,8,0.02281852439045906,0.05994782596826553
850,10,Attention,value,base_model.model.bert.encoder.layer.10.attention.self.value.lora_E.default,8,8,0.05029996857047081,0.08647918701171875
850,10,FFN,intermediate,base_model.model.bert.encoder.layer.10.intermediate.dense.lora_E.default,8,8,0.059786103665828705,0.0886814147233963
850,10,FFN,output,base_model.model.bert.encoder.layer.10.output.dense.lora_E.default,8,8,0.03000870905816555,0.06134912744164467
850,11,Attention,query,base_model.model.bert.encoder.layer.11.attention.self.query.lora_E.default,8,8,0.014889676123857498,0.043941959738731384
850,11,Attention,value,base_model.model.bert.encoder.layer.11.attention.self.value.lora_E.default,8,8,0.05428555607795715,0.08364034444093704
850,11,FFN,intermediate,base_model.model.bert.encoder.layer.11.intermediate.dense.lora_E.default,8,8,0.08437109738588333,0.11586175858974457
850,11,FFN,output,base_model.model.bert.encoder.layer.11.output.dense.lora_E.default,8,8,0.05641592666506767,0.09323740005493164
900,0,Attention,query,base_model.model.bert.encoder.layer.0.attention.self.query.lora_E.default,8,8,0.011607135646045208,0.035740140825510025
900,0,Attention,value,base_model.model.bert.encoder.layer.0.attention.self.value.lora_E.default,8,8,0.02277795970439911,0.038091231137514114
900,0,FFN,intermediate,base_model.model.bert.encoder.layer.0.intermediate.dense.lora_E.default,8,8,0.036436527967453,0.04687494784593582
900,0,FFN,output,base_model.model.bert.encoder.layer.0.output.dense.lora_E.default,8,8,0.02421792782843113,0.04779244586825371
900,1,Attention,query,base_model.model.bert.encoder.layer.1.attention.self.query.lora_E.default,8,8,0.008369083516299725,0.020230630412697792
900,1,Attention,value,base_model.model.bert.encoder.layer.1.attention.self.value.lora_E.default,8,8,0.021162211894989014,0.042367685586214066
900,1,FFN,intermediate,base_model.model.bert.encoder.layer.1.intermediate.dense.lora_E.default,8,8,0.029447682201862335,0.05083412677049637
900,1,FFN,output,base_model.model.bert.encoder.layer.1.output.dense.lora_E.default,8,8,0.012817165814340115,0.02533169649541378
900,2,Attention,query,base_model.model.bert.encoder.layer.2.attention.self.query.lora_E.default,8,8,0.007419807370752096,0.010720821097493172
900,2,Attention,value,base_model.model.bert.encoder.layer.2.attention.self.value.lora_E.default,8,8,0.017516914755105972,0.04556434229016304
900,2,FFN,intermediate,base_model.model.bert.encoder.layer.2.intermediate.dense.lora_E.default,8,8,0.02789771556854248,0.06341958791017532
900,2,FFN,output,base_model.model.bert.encoder.layer.2.output.dense.lora_E.default,8,8,0.01484624296426773,0.04382872208952904
900,3,Attention,query,base_model.model.bert.encoder.layer.3.attention.self.query.lora_E.default,8,8,0.006596643012017012,0.015162967145442963
900,3,Attention,value,base_model.model.bert.encoder.layer.3.attention.self.value.lora_E.default,8,8,0.01936575025320053,0.03944845125079155
900,3,FFN,intermediate,base_model.model.bert.encoder.layer.3.intermediate.dense.lora_E.default,8,8,0.03321044147014618,0.05361495539546013
900,3,FFN,output,base_model.model.bert.encoder.layer.3.output.dense.lora_E.default,8,8,0.02298019640147686,0.05397772416472435
900,4,Attention,query,base_model.model.bert.encoder.layer.4.attention.self.query.lora_E.default,8,8,0.009254086762666702,0.021887222304940224
900,4,Attention,value,base_model.model.bert.encoder.layer.4.attention.self.value.lora_E.default,8,8,0.02439538948237896,0.0737580955028534
900,4,FFN,intermediate,base_model.model.bert.encoder.layer.4.intermediate.dense.lora_E.default,8,8,0.030926847830414772,0.05069076642394066
900,4,FFN,output,base_model.model.bert.encoder.layer.4.output.dense.lora_E.default,8,8,0.02175804227590561,0.05234794318675995
900,5,Attention,query,base_model.model.bert.encoder.layer.5.attention.self.query.lora_E.default,8,8,0.00875172670930624,0.02151482179760933
900,5,Attention,value,base_model.model.bert.encoder.layer.5.attention.self.value.lora_E.default,8,8,0.03210390359163284,0.06501089781522751
900,5,FFN,intermediate,base_model.model.bert.encoder.layer.5.intermediate.dense.lora_E.default,8,8,0.029025482013821602,0.05886648967862129
900,5,FFN,output,base_model.model.bert.encoder.layer.5.output.dense.lora_E.default,8,8,0.03525710850954056,0.06407786905765533
900,6,Attention,query,base_model.model.bert.encoder.layer.6.attention.self.query.lora_E.default,8,8,0.006662844214588404,0.013207707554101944
900,6,Attention,value,base_model.model.bert.encoder.layer.6.attention.self.value.lora_E.default,8,8,0.04614502191543579,0.0696958526968956
900,6,FFN,intermediate,base_model.model.bert.encoder.layer.6.intermediate.dense.lora_E.default,8,8,0.056784048676490784,0.0767068937420845
900,6,FFN,output,base_model.model.bert.encoder.layer.6.output.dense.lora_E.default,8,8,0.04363040253520012,0.07331681996583939
900,7,Attention,query,base_model.model.bert.encoder.layer.7.attention.self.query.lora_E.default,8,8,0.00504513131454587,0.01901151053607464
900,7,Attention,value,base_model.model.bert.encoder.layer.7.attention.self.value.lora_E.default,8,8,0.0515451654791832,0.07639691233634949
900,7,FFN,intermediate,base_model.model.bert.encoder.layer.7.intermediate.dense.lora_E.default,8,8,0.04990005120635033,0.08967275172472
900,7,FFN,output,base_model.model.bert.encoder.layer.7.output.dense.lora_E.default,8,8,0.03506917506456375,0.06951189041137695
900,8,Attention,query,base_model.model.bert.encoder.layer.8.attention.self.query.lora_E.default,8,8,0.011972430162131786,0.024694733321666718
900,8,Attention,value,base_model.model.bert.encoder.layer.8.attention.self.value.lora_E.default,8,8,0.040001217275857925,0.08694886416196823
900,8,FFN,intermediate,base_model.model.bert.encoder.layer.8.intermediate.dense.lora_E.default,8,8,0.07370198518037796,0.09719956666231155
900,8,FFN,output,base_model.model.bert.encoder.layer.8.output.dense.lora_E.default,8,8,0.04534813389182091,0.09143150597810745
900,9,Attention,query,base_model.model.bert.encoder.layer.9.attention.self.query.lora_E.default,8,8,0.010042596608400345,0.02300381474196911
900,9,Attention,value,base_model.model.bert.encoder.layer.9.attention.self.value.lora_E.default,8,8,0.050339072942733765,0.07938127219676971
900,9,FFN,intermediate,base_model.model.bert.encoder.layer.9.intermediate.dense.lora_E.default,8,8,0.07726946473121643,0.1142142117023468
900,9,FFN,output,base_model.model.bert.encoder.layer.9.output.dense.lora_E.default,8,8,0.04268410801887512,0.0788770541548729
900,10,Attention,query,base_model.model.bert.encoder.layer.10.attention.self.query.lora_E.default,8,8,0.02283370867371559,0.059952009469270706
900,10,Attention,value,base_model.model.bert.encoder.layer.10.attention.self.value.lora_E.default,8,8,0.05052058771252632,0.08637253195047379
900,10,FFN,intermediate,base_model.model.bert.encoder.layer.10.intermediate.dense.lora_E.default,8,8,0.059757307171821594,0.0886036679148674
900,10,FFN,output,base_model.model.bert.encoder.layer.10.output.dense.lora_E.default,8,8,0.030207157135009766,0.061098627746105194
900,11,Attention,query,base_model.model.bert.encoder.layer.11.attention.self.query.lora_E.default,8,8,0.014740165323019028,0.04391337186098099
900,11,Attention,value,base_model.model.bert.encoder.layer.11.attention.self.value.lora_E.default,8,8,0.05425950512290001,0.08357853442430496
900,11,FFN,intermediate,base_model.model.bert.encoder.layer.11.intermediate.dense.lora_E.default,8,8,0.08487233519554138,0.11646398156881332
900,11,FFN,output,base_model.model.bert.encoder.layer.11.output.dense.lora_E.default,8,8,0.05661231279373169,0.09342531114816666
950,0,Attention,query,base_model.model.bert.encoder.layer.0.attention.self.query.lora_E.default,8,8,0.011807514354586601,0.036470647901296616
950,0,Attention,value,base_model.model.bert.encoder.layer.0.attention.self.value.lora_E.default,8,8,0.023262599483132362,0.03865557536482811
950,0,FFN,intermediate,base_model.model.bert.encoder.layer.0.intermediate.dense.lora_E.default,8,8,0.037537410855293274,0.04801720753312111
950,0,FFN,output,base_model.model.bert.encoder.layer.0.output.dense.lora_E.default,8,8,0.025034666061401367,0.04898626357316971
950,1,Attention,query,base_model.model.bert.encoder.layer.1.attention.self.query.lora_E.default,8,8,0.008470420725643635,0.021105719730257988
950,1,Attention,value,base_model.model.bert.encoder.layer.1.attention.self.value.lora_E.default,8,8,0.021742450073361397,0.043353259563446045
950,1,FFN,intermediate,base_model.model.bert.encoder.layer.1.intermediate.dense.lora_E.default,8,8,0.0299847275018692,0.05147188901901245
950,1,FFN,output,base_model.model.bert.encoder.layer.1.output.dense.lora_E.default,8,8,0.01344673428684473,0.02613822929561138
950,2,Attention,query,base_model.model.bert.encoder.layer.2.attention.self.query.lora_E.default,8,8,0.007512659765779972,0.010682541877031326
950,2,Attention,value,base_model.model.bert.encoder.layer.2.attention.self.value.lora_E.default,8,8,0.017709461972117424,0.045896511524915695
950,2,FFN,intermediate,base_model.model.bert.encoder.layer.2.intermediate.dense.lora_E.default,8,8,0.028357049450278282,0.06435935944318771
950,2,FFN,output,base_model.model.bert.encoder.layer.2.output.dense.lora_E.default,8,8,0.015169184654951096,0.04472578689455986
950,3,Attention,query,base_model.model.bert.encoder.layer.3.attention.self.query.lora_E.default,8,8,0.006526586599647999,0.015101823955774307
950,3,Attention,value,base_model.model.bert.encoder.layer.3.attention.self.value.lora_E.default,8,8,0.019606173038482666,0.039779823273420334
950,3,FFN,intermediate,base_model.model.bert.encoder.layer.3.intermediate.dense.lora_E.default,8,8,0.03409897908568382,0.05472023785114288
950,3,FFN,output,base_model.model.bert.encoder.layer.3.output.dense.lora_E.default,8,8,0.023396160453557968,0.05419841781258583
950,4,Attention,query,base_model.model.bert.encoder.layer.4.attention.self.query.lora_E.default,8,8,0.00949477031826973,0.02217971347272396
950,4,Attention,value,base_model.model.bert.encoder.layer.4.attention.self.value.lora_E.default,8,8,0.02462238073348999,0.0736386626958847
950,4,FFN,intermediate,base_model.model.bert.encoder.layer.4.intermediate.dense.lora_E.default,8,8,0.0316796749830246,0.05141650140285492
950,4,FFN,output,base_model.model.bert.encoder.layer.4.output.dense.lora_E.default,8,8,0.022182269021868706,0.05265496298670769
950,5,Attention,query,base_model.model.bert.encoder.layer.5.attention.self.query.lora_E.default,8,8,0.008917519822716713,0.021839728578925133
950,5,Attention,value,base_model.model.bert.encoder.layer.5.attention.self.value.lora_E.default,8,8,0.032180313020944595,0.06477759778499603
950,5,FFN,intermediate,base_model.model.bert.encoder.layer.5.intermediate.dense.lora_E.default,8,8,0.029571279883384705,0.0598234198987484
950,5,FFN,output,base_model.model.bert.encoder.layer.5.output.dense.lora_E.default,8,8,0.0355413444340229,0.06388053297996521
950,6,Attention,query,base_model.model.bert.encoder.layer.6.attention.self.query.lora_E.default,8,8,0.0067379227839410305,0.014060726389288902
950,6,Attention,value,base_model.model.bert.encoder.layer.6.attention.self.value.lora_E.default,8,8,0.046060558408498764,0.06947100907564163
950,6,FFN,intermediate,base_model.model.bert.encoder.layer.6.intermediate.dense.lora_E.default,8,8,0.05718792602419853,0.07675808668136597
950,6,FFN,output,base_model.model.bert.encoder.layer.6.output.dense.lora_E.default,8,8,0.04384982958436012,0.07305935770273209
950,7,Attention,query,base_model.model.bert.encoder.layer.7.attention.self.query.lora_E.default,8,8,0.00535323703661561,0.019829919561743736
950,7,Attention,value,base_model.model.bert.encoder.layer.7.attention.self.value.lora_E.default,8,8,0.05134288966655731,0.07610732316970825
950,7,FFN,intermediate,base_model.model.bert.encoder.layer.7.intermediate.dense.lora_E.default,8,8,0.050100527703762054,0.08974981307983398
950,7,FFN,output,base_model.model.bert.encoder.layer.7.output.dense.lora_E.default,8,8,0.035493023693561554,0.06935422867536545
950,8,Attention,query,base_model.model.bert.encoder.layer.8.attention.self.query.lora_E.default,8,8,0.011884473264217377,0.024663930758833885
950,8,Attention,value,base_model.model.bert.encoder.layer.8.attention.self.value.lora_E.default,8,8,0.04004765301942825,0.08686321973800659
950,8,FFN,intermediate,base_model.model.bert.encoder.layer.8.intermediate.dense.lora_E.default,8,8,0.07379944622516632,0.09717169404029846
950,8,FFN,output,base_model.model.bert.encoder.layer.8.output.dense.lora_E.default,8,8,0.045758992433547974,0.09151916205883026
950,9,Attention,query,base_model.model.bert.encoder.layer.9.attention.self.query.lora_E.default,8,8,0.010197357274591923,0.023531263694167137
950,9,Attention,value,base_model.model.bert.encoder.layer.9.attention.self.value.lora_E.default,8,8,0.050426408648490906,0.07941640168428421
950,9,FFN,intermediate,base_model.model.bert.encoder.layer.9.intermediate.dense.lora_E.default,8,8,0.0776461586356163,0.11468661576509476
950,9,FFN,output,base_model.model.bert.encoder.layer.9.output.dense.lora_E.default,8,8,0.04300420731306076,0.07928282022476196
950,10,Attention,query,base_model.model.bert.encoder.layer.10.attention.self.query.lora_E.default,8,8,0.023047346621751785,0.060379259288311005
950,10,Attention,value,base_model.model.bert.encoder.layer.10.attention.self.value.lora_E.default,8,8,0.05068626254796982,0.08681613951921463
950,10,FFN,intermediate,base_model.model.bert.encoder.layer.10.intermediate.dense.lora_E.default,8,8,0.060042690485715866,0.08898177742958069
950,10,FFN,output,base_model.model.bert.encoder.layer.10.output.dense.lora_E.default,8,8,0.030418235808610916,0.06161418929696083
950,11,Attention,query,base_model.model.bert.encoder.layer.11.attention.self.query.lora_E.default,8,8,0.014707348309457302,0.044175926595926285
950,11,Attention,value,base_model.model.bert.encoder.layer.11.attention.self.value.lora_E.default,8,8,0.054481614381074905,0.0839257687330246
950,11,FFN,intermediate,base_model.model.bert.encoder.layer.11.intermediate.dense.lora_E.default,8,8,0.08500885963439941,0.11673611402511597
950,11,FFN,output,base_model.model.bert.encoder.layer.11.output.dense.lora_E.default,8,8,0.05694044381380081,0.09384698420763016
1000,0,Attention,query,base_model.model.bert.encoder.layer.0.attention.self.query.lora_E.default,8,8,0.012003939598798752,0.037094321101903915
1000,0,Attention,value,base_model.model.bert.encoder.layer.0.attention.self.value.lora_E.default,8,8,0.02381293848156929,0.03945488482713699
1000,0,FFN,intermediate,base_model.model.bert.encoder.layer.0.intermediate.dense.lora_E.default,8,8,0.03836460039019585,0.04863722249865532
1000,0,FFN,output,base_model.model.bert.encoder.layer.0.output.dense.lora_E.default,8,8,0.025592418387532234,0.049664855003356934
1000,1,Attention,query,base_model.model.bert.encoder.layer.1.attention.self.query.lora_E.default,8,8,0.008548056706786156,0.021490827202796936
1000,1,Attention,value,base_model.model.bert.encoder.layer.1.attention.self.value.lora_E.default,8,8,0.02217397466301918,0.0436471663415432
1000,1,FFN,intermediate,base_model.model.bert.encoder.layer.1.intermediate.dense.lora_E.default,8,8,0.030599312856793404,0.05229491740465164
1000,1,FFN,output,base_model.model.bert.encoder.layer.1.output.dense.lora_E.default,8,8,0.013648602180182934,0.02645905129611492
1000,2,Attention,query,base_model.model.bert.encoder.layer.2.attention.self.query.lora_E.default,8,8,0.007512121926993132,0.011110762134194374
1000,2,Attention,value,base_model.model.bert.encoder.layer.2.attention.self.value.lora_E.default,8,8,0.01800539158284664,0.04637928307056427
1000,2,FFN,intermediate,base_model.model.bert.encoder.layer.2.intermediate.dense.lora_E.default,8,8,0.028939014300704002,0.06514381617307663
1000,2,FFN,output,base_model.model.bert.encoder.layer.2.output.dense.lora_E.default,8,8,0.015382609330117702,0.04499560967087746
1000,3,Attention,query,base_model.model.bert.encoder.layer.3.attention.self.query.lora_E.default,8,8,0.006617266219109297,0.015468347817659378
1000,3,Attention,value,base_model.model.bert.encoder.layer.3.attention.self.value.lora_E.default,8,8,0.01985623687505722,0.040173713117837906
1000,3,FFN,intermediate,base_model.model.bert.encoder.layer.3.intermediate.dense.lora_E.default,8,8,0.03469255566596985,0.055214960128068924
1000,3,FFN,output,base_model.model.bert.encoder.layer.3.output.dense.lora_E.default,8,8,0.023602023720741272,0.05466816946864128
1000,4,Attention,query,base_model.model.bert.encoder.layer.4.attention.self.query.lora_E.default,8,8,0.009676470421254635,0.022268788889050484
1000,4,Attention,value,base_model.model.bert.encoder.layer.4.attention.self.value.lora_E.default,8,8,0.02478676661849022,0.07387089729309082
1000,4,FFN,intermediate,base_model.model.bert.encoder.layer.4.intermediate.dense.lora_E.default,8,8,0.03226738050580025,0.05249597132205963
1000,4,FFN,output,base_model.model.bert.encoder.layer.4.output.dense.lora_E.default,8,8,0.022538870573043823,0.053025372326374054
1000,5,Attention,query,base_model.model.bert.encoder.layer.5.attention.self.query.lora_E.default,8,8,0.008949502371251583,0.021817756816744804
1000,5,Attention,value,base_model.model.bert.encoder.layer.5.attention.self.value.lora_E.default,8,8,0.032471664249897,0.06516130268573761
1000,5,FFN,intermediate,base_model.model.bert.encoder.layer.5.intermediate.dense.lora_E.default,8,8,0.029974354431033134,0.06049416586756706
1000,5,FFN,output,base_model.model.bert.encoder.layer.5.output.dense.lora_E.default,8,8,0.03570173680782318,0.06410529464483261
1000,6,Attention,query,base_model.model.bert.encoder.layer.6.attention.self.query.lora_E.default,8,8,0.006815818138420582,0.014564644545316696
1000,6,Attention,value,base_model.model.bert.encoder.layer.6.attention.self.value.lora_E.default,8,8,0.046208299696445465,0.06958887726068497
1000,6,FFN,intermediate,base_model.model.bert.encoder.layer.6.intermediate.dense.lora_E.default,8,8,0.0576176680624485,0.07722895592451096
1000,6,FFN,output,base_model.model.bert.encoder.layer.6.output.dense.lora_E.default,8,8,0.04415309056639671,0.07321275025606155
1000,7,Attention,query,base_model.model.bert.encoder.layer.7.attention.self.query.lora_E.default,8,8,0.005352772306650877,0.019878530874848366
1000,7,Attention,value,base_model.model.bert.encoder.layer.7.attention.self.value.lora_E.default,8,8,0.05148874223232269,0.07617521286010742
1000,7,FFN,intermediate,base_model.model.bert.encoder.layer.7.intermediate.dense.lora_E.default,8,8,0.0503649041056633,0.09018348157405853
1000,7,FFN,output,base_model.model.bert.encoder.layer.7.output.dense.lora_E.default,8,8,0.03589868173003197,0.06982793658971786
1000,8,Attention,query,base_model.model.bert.encoder.layer.8.attention.self.query.lora_E.default,8,8,0.011980353854596615,0.024702521041035652
1000,8,Attention,value,base_model.model.bert.encoder.layer.8.attention.self.value.lora_E.default,8,8,0.04027676209807396,0.08705068379640579
1000,8,FFN,intermediate,base_model.model.bert.encoder.layer.8.intermediate.dense.lora_E.default,8,8,0.07403848320245743,0.09742335975170135
1000,8,FFN,output,base_model.model.bert.encoder.layer.8.output.dense.lora_E.default,8,8,0.04600769653916359,0.09184922277927399
1000,9,Attention,query,base_model.model.bert.encoder.layer.9.attention.self.query.lora_E.default,8,8,0.010454317554831505,0.024242408573627472
1000,9,Attention,value,base_model.model.bert.encoder.layer.9.attention.self.value.lora_E.default,8,8,0.0505547821521759,0.07965957373380661
1000,9,FFN,intermediate,base_model.model.bert.encoder.layer.9.intermediate.dense.lora_E.default,8,8,0.07805198431015015,0.11503293365240097
1000,9,FFN,output,base_model.model.bert.encoder.layer.9.output.dense.lora_E.default,8,8,0.0433136448264122,0.0793263241648674
1000,10,Attention,query,base_model.model.bert.encoder.layer.10.attention.self.query.lora_E.default,8,8,0.02323898859322071,0.06068813428282738
1000,10,Attention,value,base_model.model.bert.encoder.layer.10.attention.self.value.lora_E.default,8,8,0.050877220928668976,0.08684751391410828
1000,10,FFN,intermediate,base_model.model.bert.encoder.layer.10.intermediate.dense.lora_E.default,8,8,0.060182444751262665,0.08901596814393997
1000,10,FFN,output,base_model.model.bert.encoder.layer.10.output.dense.lora_E.default,8,8,0.030561698600649834,0.061548251658678055
1000,11,Attention,query,base_model.model.bert.encoder.layer.11.attention.self.query.lora_E.default,8,8,0.014788235537707806,0.044513486325740814
1000,11,Attention,value,base_model.model.bert.encoder.layer.11.attention.self.value.lora_E.default,8,8,0.054637353867292404,0.08402933925390244
1000,11,FFN,intermediate,base_model.model.bert.encoder.layer.11.intermediate.dense.lora_E.default,8,8,0.08548814058303833,0.11714816838502884
1000,11,FFN,output,base_model.model.bert.encoder.layer.11.output.dense.lora_E.default,8,8,0.057284705340862274,0.09426000714302063
1050,0,Attention,query,base_model.model.bert.encoder.layer.0.attention.self.query.lora_E.default,8,8,0.012027768418192863,0.037426430732011795
1050,0,Attention,value,base_model.model.bert.encoder.layer.0.attention.self.value.lora_E.default,8,8,0.02407216653227806,0.039734192192554474
1050,0,FFN,intermediate,base_model.model.bert.encoder.layer.0.intermediate.dense.lora_E.default,8,8,0.03876548632979393,0.04908403381705284
1050,0,FFN,output,base_model.model.bert.encoder.layer.0.output.dense.lora_E.default,8,8,0.025764137506484985,0.04987328499555588
1050,1,Attention,query,base_model.model.bert.encoder.layer.1.attention.self.query.lora_E.default,8,8,0.008623708970844746,0.021894708275794983
1050,1,Attention,value,base_model.model.bert.encoder.layer.1.attention.self.value.lora_E.default,8,8,0.022354857996106148,0.04397057369351387
1050,1,FFN,intermediate,base_model.model.bert.encoder.layer.1.intermediate.dense.lora_E.default,8,8,0.030950624495744705,0.05287661775946617
1050,1,FFN,output,base_model.model.bert.encoder.layer.1.output.dense.lora_E.default,8,8,0.013869469985365868,0.026711108162999153
1050,2,Attention,query,base_model.model.bert.encoder.layer.2.attention.self.query.lora_E.default,8,8,0.007533787749707699,0.011034167371690273
1050,2,Attention,value,base_model.model.bert.encoder.layer.2.attention.self.value.lora_E.default,8,8,0.01822352223098278,0.04677005857229233
1050,2,FFN,intermediate,base_model.model.bert.encoder.layer.2.intermediate.dense.lora_E.default,8,8,0.029326384887099266,0.06569299101829529
1050,2,FFN,output,base_model.model.bert.encoder.layer.2.output.dense.lora_E.default,8,8,0.015474338084459305,0.04536838084459305
1050,3,Attention,query,base_model.model.bert.encoder.layer.3.attention.self.query.lora_E.default,8,8,0.006604589521884918,0.015209870412945747
1050,3,Attention,value,base_model.model.bert.encoder.layer.3.attention.self.value.lora_E.default,8,8,0.019950073212385178,0.04031235724687576
1050,3,FFN,intermediate,base_model.model.bert.encoder.layer.3.intermediate.dense.lora_E.default,8,8,0.03507580980658531,0.05564403906464577
1050,3,FFN,output,base_model.model.bert.encoder.layer.3.output.dense.lora_E.default,8,8,0.023796720430254936,0.054870832711458206
1050,4,Attention,query,base_model.model.bert.encoder.layer.4.attention.self.query.lora_E.default,8,8,0.009709671139717102,0.02220291830599308
1050,4,Attention,value,base_model.model.bert.encoder.layer.4.attention.self.value.lora_E.default,8,8,0.024861227720975876,0.07389110326766968
1050,4,FFN,intermediate,base_model.model.bert.encoder.layer.4.intermediate.dense.lora_E.default,8,8,0.03253048285841942,0.05306316912174225
1050,4,FFN,output,base_model.model.bert.encoder.layer.4.output.dense.lora_E.default,8,8,0.022561490535736084,0.053012557327747345
1050,5,Attention,query,base_model.model.bert.encoder.layer.5.attention.self.query.lora_E.default,8,8,0.00904237013310194,0.021941477432847023
1050,5,Attention,value,base_model.model.bert.encoder.layer.5.attention.self.value.lora_E.default,8,8,0.03244934603571892,0.0651509091258049
1050,5,FFN,intermediate,base_model.model.bert.encoder.layer.5.intermediate.dense.lora_E.default,8,8,0.03014746867120266,0.06071963533759117
1050,5,FFN,output,base_model.model.bert.encoder.layer.5.output.dense.lora_E.default,8,8,0.03584113344550133,0.0641026720404625
1050,6,Attention,query,base_model.model.bert.encoder.layer.6.attention.self.query.lora_E.default,8,8,0.006882118061184883,0.014775622636079788
1050,6,Attention,value,base_model.model.bert.encoder.layer.6.attention.self.value.lora_E.default,8,8,0.046177979558706284,0.06955461204051971
1050,6,FFN,intermediate,base_model.model.bert.encoder.layer.6.intermediate.dense.lora_E.default,8,8,0.05768733471632004,0.077243372797966
1050,6,FFN,output,base_model.model.bert.encoder.layer.6.output.dense.lora_E.default,8,8,0.04426813870668411,0.07330062985420227
1050,7,Attention,query,base_model.model.bert.encoder.layer.7.attention.self.query.lora_E.default,8,8,0.0053556920029222965,0.01992163062095642
1050,7,Attention,value,base_model.model.bert.encoder.layer.7.attention.self.value.lora_E.default,8,8,0.05148528516292572,0.07614102959632874
1050,7,FFN,intermediate,base_model.model.bert.encoder.layer.7.intermediate.dense.lora_E.default,8,8,0.05048418045043945,0.09036022424697876
1050,7,FFN,output,base_model.model.bert.encoder.layer.7.output.dense.lora_E.default,8,8,0.03606791794300079,0.07004152983427048
1050,8,Attention,query,base_model.model.bert.encoder.layer.8.attention.self.query.lora_E.default,8,8,0.012049900367856026,0.024655785411596298
1050,8,Attention,value,base_model.model.bert.encoder.layer.8.attention.self.value.lora_E.default,8,8,0.0403713583946228,0.08714433014392853
1050,8,FFN,intermediate,base_model.model.bert.encoder.layer.8.intermediate.dense.lora_E.default,8,8,0.07414797693490982,0.09749598801136017
1050,8,FFN,output,base_model.model.bert.encoder.layer.8.output.dense.lora_E.default,8,8,0.04607689008116722,0.09202231466770172
1050,9,Attention,query,base_model.model.bert.encoder.layer.9.attention.self.query.lora_E.default,8,8,0.010524347424507141,0.024324137717485428
1050,9,Attention,value,base_model.model.bert.encoder.layer.9.attention.self.value.lora_E.default,8,8,0.05058695003390312,0.07975032925605774
1050,9,FFN,intermediate,base_model.model.bert.encoder.layer.9.intermediate.dense.lora_E.default,8,8,0.0782083198428154,0.11525214463472366
1050,9,FFN,output,base_model.model.bert.encoder.layer.9.output.dense.lora_E.default,8,8,0.043489228934049606,0.07940948009490967
1050,10,Attention,query,base_model.model.bert.encoder.layer.10.attention.self.query.lora_E.default,8,8,0.02340918406844139,0.06086302176117897
1050,10,Attention,value,base_model.model.bert.encoder.layer.10.attention.self.value.lora_E.default,8,8,0.0509839802980423,0.08685687184333801
1050,10,FFN,intermediate,base_model.model.bert.encoder.layer.10.intermediate.dense.lora_E.default,8,8,0.0603022463619709,0.08908126503229141
1050,10,FFN,output,base_model.model.bert.encoder.layer.10.output.dense.lora_E.default,8,8,0.030651750043034554,0.06163092702627182
1050,11,Attention,query,base_model.model.bert.encoder.layer.11.attention.self.query.lora_E.default,8,8,0.014853568747639656,0.04482334107160568
1050,11,Attention,value,base_model.model.bert.encoder.layer.11.attention.self.value.lora_E.default,8,8,0.05472182482481003,0.08409461379051208
1050,11,FFN,intermediate,base_model.model.bert.encoder.layer.11.intermediate.dense.lora_E.default,8,8,0.08569952845573425,0.11737380921840668
1050,11,FFN,output,base_model.model.bert.encoder.layer.11.output.dense.lora_E.default,8,8,0.057452693581581116,0.0943775624036789
1100,0,Attention,query,base_model.model.bert.encoder.layer.0.attention.self.query.lora_E.default,8,8,0.012039643712341785,0.0374944731593132
1100,0,Attention,value,base_model.model.bert.encoder.layer.0.attention.self.value.lora_E.default,8,8,0.024186760187149048,0.03986706957221031
1100,0,FFN,intermediate,base_model.model.bert.encoder.layer.0.intermediate.dense.lora_E.default,8,8,0.03893129155039787,0.04925971105694771
1100,0,FFN,output,base_model.model.bert.encoder.layer.0.output.dense.lora_E.default,8,8,0.025857534259557724,0.05001800134778023
1100,1,Attention,query,base_model.model.bert.encoder.layer.1.attention.self.query.lora_E.default,8,8,0.008618570864200592,0.022034598514437675
1100,1,Attention,value,base_model.model.bert.encoder.layer.1.attention.self.value.lora_E.default,8,8,0.022479649633169174,0.04407558590173721
1100,1,FFN,intermediate,base_model.model.bert.encoder.layer.1.intermediate.dense.lora_E.default,8,8,0.031086375936865807,0.0531122125685215
1100,1,FFN,output,base_model.model.bert.encoder.layer.1.output.dense.lora_E.default,8,8,0.013990863226354122,0.02680513821542263
1100,2,Attention,query,base_model.model.bert.encoder.layer.2.attention.self.query.lora_E.default,8,8,0.007577697280794382,0.011099083349108696
1100,2,Attention,value,base_model.model.bert.encoder.layer.2.attention.self.value.lora_E.default,8,8,0.01832641288638115,0.04700739309191704
1100,2,FFN,intermediate,base_model.model.bert.encoder.layer.2.intermediate.dense.lora_E.default,8,8,0.02946787327528,0.06588316708803177
1100,2,FFN,output,base_model.model.bert.encoder.layer.2.output.dense.lora_E.default,8,8,0.015519366599619389,0.04546516761183739
1100,3,Attention,query,base_model.model.bert.encoder.layer.3.attention.self.query.lora_E.default,8,8,0.006628650240600109,0.01526301633566618
1100,3,Attention,value,base_model.model.bert.encoder.layer.3.attention.self.value.lora_E.default,8,8,0.020017022266983986,0.040462762117385864
1100,3,FFN,intermediate,base_model.model.bert.encoder.layer.3.intermediate.dense.lora_E.default,8,8,0.03525436669588089,0.05579695850610733
1100,3,FFN,output,base_model.model.bert.encoder.layer.3.output.dense.lora_E.default,8,8,0.023840928450226784,0.05495431646704674
1100,4,Attention,query,base_model.model.bert.encoder.layer.4.attention.self.query.lora_E.default,8,8,0.00975429080426693,0.022295258939266205
1100,4,Attention,value,base_model.model.bert.encoder.layer.4.attention.self.value.lora_E.default,8,8,0.024918660521507263,0.07379858940839767
1100,4,FFN,intermediate,base_model.model.bert.encoder.layer.4.intermediate.dense.lora_E.default,8,8,0.032681308686733246,0.05326570197939873
1100,4,FFN,output,base_model.model.bert.encoder.layer.4.output.dense.lora_E.default,8,8,0.022606389597058296,0.053002260625362396
1100,5,Attention,query,base_model.model.bert.encoder.layer.5.attention.self.query.lora_E.default,8,8,0.009089149534702301,0.021941376850008965
1100,5,Attention,value,base_model.model.bert.encoder.layer.5.attention.self.value.lora_E.default,8,8,0.03250974789261818,0.06514561176300049
1100,5,FFN,intermediate,base_model.model.bert.encoder.layer.5.intermediate.dense.lora_E.default,8,8,0.030241115018725395,0.0608866848051548
1100,5,FFN,output,base_model.model.bert.encoder.layer.5.output.dense.lora_E.default,8,8,0.03593625873327255,0.06403224170207977
1100,6,Attention,query,base_model.model.bert.encoder.layer.6.attention.self.query.lora_E.default,8,8,0.006909163203090429,0.01482228934764862
1100,6,Attention,value,base_model.model.bert.encoder.layer.6.attention.self.value.lora_E.default,8,8,0.04614744707942009,0.06955381482839584
1100,6,FFN,intermediate,base_model.model.bert.encoder.layer.6.intermediate.dense.lora_E.default,8,8,0.05775941163301468,0.07724401354789734
1100,6,FFN,output,base_model.model.bert.encoder.layer.6.output.dense.lora_E.default,8,8,0.0443711057305336,0.07323957979679108
1100,7,Attention,query,base_model.model.bert.encoder.layer.7.attention.self.query.lora_E.default,8,8,0.005396627355366945,0.02000962756574154
1100,7,Attention,value,base_model.model.bert.encoder.layer.7.attention.self.value.lora_E.default,8,8,0.05143386125564575,0.07609342038631439
1100,7,FFN,intermediate,base_model.model.bert.encoder.layer.7.intermediate.dense.lora_E.default,8,8,0.0505959615111351,0.09041684865951538
1100,7,FFN,output,base_model.model.bert.encoder.layer.7.output.dense.lora_E.default,8,8,0.036137405782938004,0.07000479847192764
1100,8,Attention,query,base_model.model.bert.encoder.layer.8.attention.self.query.lora_E.default,8,8,0.012122867628932,0.024711860343813896
1100,8,Attention,value,base_model.model.bert.encoder.layer.8.attention.self.value.lora_E.default,8,8,0.04034135490655899,0.08709225058555603
1100,8,FFN,intermediate,base_model.model.bert.encoder.layer.8.intermediate.dense.lora_E.default,8,8,0.07413448393344879,0.09740961343050003
1100,8,FFN,output,base_model.model.bert.encoder.layer.8.output.dense.lora_E.default,8,8,0.046095311641693115,0.09195781499147415
1100,9,Attention,query,base_model.model.bert.encoder.layer.9.attention.self.query.lora_E.default,8,8,0.01051425188779831,0.024391191080212593
1100,9,Attention,value,base_model.model.bert.encoder.layer.9.attention.self.value.lora_E.default,8,8,0.05057908222079277,0.07966099679470062
1100,9,FFN,intermediate,base_model.model.bert.encoder.layer.9.intermediate.dense.lora_E.default,8,8,0.07821784913539886,0.11522648483514786
1100,9,FFN,output,base_model.model.bert.encoder.layer.9.output.dense.lora_E.default,8,8,0.043475814163684845,0.07942500710487366
1100,10,Attention,query,base_model.model.bert.encoder.layer.10.attention.self.query.lora_E.default,8,8,0.02338436432182789,0.0609571635723114
1100,10,Attention,value,base_model.model.bert.encoder.layer.10.attention.self.value.lora_E.default,8,8,0.051009684801101685,0.08691383898258209
1100,10,FFN,intermediate,base_model.model.bert.encoder.layer.10.intermediate.dense.lora_E.default,8,8,0.06031970679759979,0.08913343399763107
1100,10,FFN,output,base_model.model.bert.encoder.layer.10.output.dense.lora_E.default,8,8,0.030649501830339432,0.06171443313360214
1100,11,Attention,query,base_model.model.bert.encoder.layer.11.attention.self.query.lora_E.default,8,8,0.014933343045413494,0.04498928040266037
1100,11,Attention,value,base_model.model.bert.encoder.layer.11.attention.self.value.lora_E.default,8,8,0.05473268777132034,0.08412691205739975
1100,11,FFN,intermediate,base_model.model.bert.encoder.layer.11.intermediate.dense.lora_E.default,8,8,0.08566220104694366,0.11733907461166382
1100,11,FFN,output,base_model.model.bert.encoder.layer.11.output.dense.lora_E.default,8,8,0.05742582306265831,0.09437683969736099
1125,0,Attention,query,base_model.model.bert.encoder.layer.0.attention.self.query.lora_E.default,8,8,0.012042504735291004,0.03750349581241608
1125,0,Attention,value,base_model.model.bert.encoder.layer.0.attention.self.value.lora_E.default,8,8,0.024187350645661354,0.03986134007573128
1125,0,FFN,intermediate,base_model.model.bert.encoder.layer.0.intermediate.dense.lora_E.default,8,8,0.03893055021762848,0.0492607057094574
1125,0,FFN,output,base_model.model.bert.encoder.layer.0.output.dense.lora_E.default,8,8,0.02586214430630207,0.05001400038599968
1125,1,Attention,query,base_model.model.bert.encoder.layer.1.attention.self.query.lora_E.default,8,8,0.008617273531854153,0.022056689485907555
1125,1,Attention,value,base_model.model.bert.encoder.layer.1.attention.self.value.lora_E.default,8,8,0.02248598448932171,0.044071558862924576
1125,1,FFN,intermediate,base_model.model.bert.encoder.layer.1.intermediate.dense.lora_E.default,8,8,0.031102921813726425,0.05313491076231003
1125,1,FFN,output,base_model.model.bert.encoder.layer.1.output.dense.lora_E.default,8,8,0.014001132920384407,0.026831261813640594
1125,2,Attention,query,base_model.model.bert.encoder.layer.2.attention.self.query.lora_E.default,8,8,0.007580091245472431,0.011103673838078976
1125,2,Attention,value,base_model.model.bert.encoder.layer.2.attention.self.value.lora_E.default,8,8,0.01833524741232395,0.04703952744603157
1125,2,FFN,intermediate,base_model.model.bert.encoder.layer.2.intermediate.dense.lora_E.default,8,8,0.029478399083018303,0.0658894032239914
1125,2,FFN,output,base_model.model.bert.encoder.layer.2.output.dense.lora_E.default,8,8,0.015527155250310898,0.045478157699108124
1125,3,Attention,query,base_model.model.bert.encoder.layer.3.attention.self.query.lora_E.default,8,8,0.006630987860262394,0.015280678868293762
1125,3,Attention,value,base_model.model.bert.encoder.layer.3.attention.self.value.lora_E.default,8,8,0.020030837506055832,0.04048088937997818
1125,3,FFN,intermediate,base_model.model.bert.encoder.layer.3.intermediate.dense.lora_E.default,8,8,0.035290539264678955,0.05583620071411133
1125,3,FFN,output,base_model.model.bert.encoder.layer.3.output.dense.lora_E.default,8,8,0.023855680599808693,0.054976023733615875
1125,4,Attention,query,base_model.model.bert.encoder.layer.4.attention.self.query.lora_E.default,8,8,0.009758608415722847,0.022280439734458923
1125,4,Attention,value,base_model.model.bert.encoder.layer.4.attention.self.value.lora_E.default,8,8,0.024937324225902557,0.0737999826669693
1125,4,FFN,intermediate,base_model.model.bert.encoder.layer.4.intermediate.dense.lora_E.default,8,8,0.03270760923624039,0.053275782614946365
1125,4,FFN,output,base_model.model.bert.encoder.layer.4.output.dense.lora_E.default,8,8,0.022620325908064842,0.05303462594747543
1125,5,Attention,query,base_model.model.bert.encoder.layer.5.attention.self.query.lora_E.default,8,8,0.009097347036004066,0.021961759775877
1125,5,Attention,value,base_model.model.bert.encoder.layer.5.attention.self.value.lora_E.default,8,8,0.03252721205353737,0.065167635679245
1125,5,FFN,intermediate,base_model.model.bert.encoder.layer.5.intermediate.dense.lora_E.default,8,8,0.030257295817136765,0.06091926246881485
1125,5,FFN,output,base_model.model.bert.encoder.layer.5.output.dense.lora_E.default,8,8,0.035958003252744675,0.06403055042028427
1125,6,Attention,query,base_model.model.bert.encoder.layer.6.attention.self.query.lora_E.default,8,8,0.006916082929819822,0.014838626608252525
1125,6,Attention,value,base_model.model.bert.encoder.layer.6.attention.self.value.lora_E.default,8,8,0.046160489320755005,0.06957662105560303
1125,6,FFN,intermediate,base_model.model.bert.encoder.layer.6.intermediate.dense.lora_E.default,8,8,0.057790495455265045,0.07724851369857788
1125,6,FFN,output,base_model.model.bert.encoder.layer.6.output.dense.lora_E.default,8,8,0.04439349099993706,0.07323908060789108
1125,7,Attention,query,base_model.model.bert.encoder.layer.7.attention.self.query.lora_E.default,8,8,0.0054031070321798325,0.020051315426826477
1125,7,Attention,value,base_model.model.bert.encoder.layer.7.attention.self.value.lora_E.default,8,8,0.0514376200735569,0.07610371708869934
1125,7,FFN,intermediate,base_model.model.bert.encoder.layer.7.intermediate.dense.lora_E.default,8,8,0.05062539502978325,0.09042954444885254
1125,7,FFN,output,base_model.model.bert.encoder.layer.7.output.dense.lora_E.default,8,8,0.03614889085292816,0.07001437991857529
1125,8,Attention,query,base_model.model.bert.encoder.layer.8.attention.self.query.lora_E.default,8,8,0.012127228081226349,0.02471167966723442
1125,8,Attention,value,base_model.model.bert.encoder.layer.8.attention.self.value.lora_E.default,8,8,0.04034882411360741,0.0871196836233139
1125,8,FFN,intermediate,base_model.model.bert.encoder.layer.8.intermediate.dense.lora_E.default,8,8,0.07415500283241272,0.09741692245006561
1125,8,FFN,output,base_model.model.bert.encoder.layer.8.output.dense.lora_E.default,8,8,0.04611355811357498,0.09194260835647583
1125,9,Attention,query,base_model.model.bert.encoder.layer.9.attention.self.query.lora_E.default,8,8,0.01052292250096798,0.02443683333694935
1125,9,Attention,value,base_model.model.bert.encoder.layer.9.attention.self.value.lora_E.default,8,8,0.0505930632352829,0.07964617758989334
1125,9,FFN,intermediate,base_model.model.bert.encoder.layer.9.intermediate.dense.lora_E.default,8,8,0.07824409008026123,0.1152595803141594
1125,9,FFN,output,base_model.model.bert.encoder.layer.9.output.dense.lora_E.default,8,8,0.04349491000175476,0.07945903390645981
1125,10,Attention,query,base_model.model.bert.encoder.layer.10.attention.self.query.lora_E.default,8,8,0.02339422143995762,0.06099851429462433
1125,10,Attention,value,base_model.model.bert.encoder.layer.10.attention.self.value.lora_E.default,8,8,0.05102202296257019,0.0869557112455368
1125,10,FFN,intermediate,base_model.model.bert.encoder.layer.10.intermediate.dense.lora_E.default,8,8,0.06033988669514656,0.0891665369272232
1125,10,FFN,output,base_model.model.bert.encoder.layer.10.output.dense.lora_E.default,8,8,0.03066091425716877,0.06175366789102554
1125,11,Attention,query,base_model.model.bert.encoder.layer.11.attention.self.query.lora_E.default,8,8,0.014945763163268566,0.045026276260614395
1125,11,Attention,value,base_model.model.bert.encoder.layer.11.attention.self.value.lora_E.default,8,8,0.054756373167037964,0.08416832238435745
1125,11,FFN,intermediate,base_model.model.bert.encoder.layer.11.intermediate.dense.lora_E.default,8,8,0.08566780388355255,0.11735111474990845
1125,11,FFN,output,base_model.model.bert.encoder.layer.11.output.dense.lora_E.default,8,8,0.0574464276432991,0.09441462904214859
